batteryLevel,localTime,modelName,onWrist,hasRecentHeartRate,prediction,predictionScore,timestamp,deviceID,userID,version
83,7/22/25 16:04,Yeti,TRUE,,1,0.9916963,1.75321E+12,ea5d034b02b45c37,AD,1.7.10-amb
83,7/22/25 16:05,Yeti,TRUE,,1,0.9717657,1.75321E+12,ea5d034b02b45c37,AD,1.7.10-amb
83,7/22/25 16:06,Yeti,TRUE,,1,0.9533418,1.75321E+12,ea5d034b02b45c37,AD,1.7.10-amb
83,7/22/25 16:07,Yeti,TRUE,,1,0.98569214,1.75321E+12,ea5d034b02b45c37,AD,1.7.10-amb
82,7/22/25 16:08,Yeti,FALSE,,1,0.99404436,1.75321E+12,ea5d034b02b45c37,AD,1.7.10-amb
82,7/22/25 16:09,Yeti,FALSE,,1,0.9806709,1.75321E+12,ea5d034b02b45c37,AD,1.7.10-amb
82,7/22/25 16:10,Yeti,FALSE,,1,0.8987726,1.75322E+12,ea5d034b02b45c37,AD,1.7.10-amb
82,7/22/25 16:11,Yeti,TRUE,,1,0.95226306,1.75322E+12,ea5d034b02b45c37,AD,1.7.10-amb
82,7/22/25 16:12,Yeti,TRUE,,1,0.9940606,1.75322E+12,ea5d034b02b45c37,AD,1.7.10-amb
82,7/22/25 16:13,Yeti,TRUE,,1,0.9936935,1.75322E+12,ea5d034b02b45c37,AD,1.7.10-amb
82,7/22/25 16:14,Yeti,TRUE,,1,0.9746202,1.75322E+12,ea5d034b02b45c37,AD,1.7.10-amb
81,7/22/25 16:15,Yeti,TRUE,,1,0.9982816,1.75322E+12,ea5d034b02b45c37,AD,1.7.10-amb
81,7/22/25 16:16,Yeti,TRUE,,1,0.9636655,1.75322E+12,ea5d034b02b45c37,AD,1.7.10-amb
81,7/22/25 16:17,Yeti,TRUE,,1,0.98950607,1.75322E+12,ea5d034b02b45c37,AD,1.7.10-amb
81,7/22/25 16:18,Yeti,TRUE,,1,0.9976382,1.75322E+12,ea5d034b02b45c37,AD,1.7.10-amb
81,7/22/25 16:19,Yeti,TRUE,,1,0.9955647,1.75322E+12,ea5d034b02b45c37,AD,1.7.10-amb
81,7/22/25 16:20,Yeti,TRUE,,1,0.99477875,1.75322E+12,ea5d034b02b45c37,AD,1.7.10-amb
81,7/22/25 16:21,Yeti,TRUE,,1,0.97589487,1.75322E+12,ea5d034b02b45c37,AD,1.7.10-amb
81,7/22/25 16:22,Yeti,TRUE,,1,0.9706504,1.75322E+12,ea5d034b02b45c37,AD,1.7.10-amb
80,7/22/25 16:23,Yeti,TRUE,,1,0.99196494,1.75322E+12,ea5d034b02b45c37,AD,1.7.10-amb
80,7/22/25 16:24,Yeti,TRUE,,1,0.99307466,1.75322E+12,ea5d034b02b45c37,AD,1.7.10-amb
80,7/22/25 16:25,Yeti,TRUE,,1,0.9728727,1.75322E+12,ea5d034b02b45c37,AD,1.7.10-amb
80,7/22/25 16:26,Yeti,TRUE,,1,0.94352263,1.75322E+12,ea5d034b02b45c37,AD,1.7.10-amb
80,7/22/25 16:27,Yeti,TRUE,,1,0.98850083,1.75322E+12,ea5d034b02b45c37,AD,1.7.10-amb
80,7/22/25 16:28,Yeti,TRUE,,1,0.99546534,1.75322E+12,ea5d034b02b45c37,AD,1.7.10-amb
80,7/22/25 16:29,Yeti,FALSE,,1,0.9974632,1.75322E+12,ea5d034b02b45c37,AD,1.7.10-amb
80,7/22/25 16:30,Yeti,TRUE,,1,0.986604,1.75322E+12,ea5d034b02b45c37,AD,1.7.10-amb
80,7/22/25 16:31,Yeti,TRUE,,1,0.9797292,1.75322E+12,ea5d034b02b45c37,AD,1.7.10-amb
79,7/22/25 16:32,Yeti,FALSE,,1,0.9970642,1.75322E+12,ea5d034b02b45c37,AD,1.7.10-amb
79,7/22/25 16:33,Yeti,TRUE,,1,0.9933721,1.75322E+12,ea5d034b02b45c37,AD,1.7.10-amb
79,7/22/25 16:34,Yeti,TRUE,,1,0.943204,1.75322E+12,ea5d034b02b45c37,AD,1.7.10-amb
79,7/22/25 16:35,Yeti,FALSE,,1,0.9815879,1.75322E+12,ea5d034b02b45c37,AD,1.7.10-amb
79,7/22/25 16:36,Yeti,FALSE,,1,0.98358077,1.75322E+12,ea5d034b02b45c37,AD,1.7.10-amb
79,7/22/25 16:37,Yeti,TRUE,,1,0.99217355,1.75322E+12,ea5d034b02b45c37,AD,1.7.10-amb
79,7/22/25 16:38,Yeti,TRUE,,1,0.9714774,1.75322E+12,ea5d034b02b45c37,AD,1.7.10-amb
78,7/22/25 16:39,Yeti,TRUE,,1,0.93840325,1.75322E+12,ea5d034b02b45c37,AD,1.7.10-amb
78,7/22/25 16:40,Yeti,FALSE,,1,0.98663425,1.75322E+12,ea5d034b02b45c37,AD,1.7.10-amb
78,7/22/25 16:41,Yeti,FALSE,,1,0.9630296,1.75322E+12,ea5d034b02b45c37,AD,1.7.10-amb
78,7/22/25 16:42,Yeti,FALSE,,1,0.9892252,1.75322E+12,ea5d034b02b45c37,AD,1.7.10-amb
78,7/22/25 16:43,Yeti,FALSE,,1,0.8786036,1.75322E+12,ea5d034b02b45c37,AD,1.7.10-amb
78,7/22/25 16:44,Yeti,FALSE,,1,0.95266396,1.75322E+12,ea5d034b02b45c37,AD,1.7.10-amb
78,7/22/25 16:45,Yeti,TRUE,,1,0.9559567,1.75322E+12,ea5d034b02b45c37,AD,1.7.10-amb
78,7/22/25 16:46,Yeti,TRUE,,1,0.8191358,1.75322E+12,ea5d034b02b45c37,AD,1.7.10-amb
78,7/22/25 16:47,Yeti,TRUE,,0,0.20628338,1.75322E+12,ea5d034b02b45c37,AD,1.7.10-amb
77,7/22/25 16:48,Yeti,TRUE,,0,0.053125124,1.75322E+12,ea5d034b02b45c37,AD,1.7.10-amb
77,7/22/25 16:49,Yeti,TRUE,,0,0.09236312,1.75322E+12,ea5d034b02b45c37,AD,1.7.10-amb
77,7/22/25 16:50,Yeti,TRUE,,1,0.89690775,1.75322E+12,ea5d034b02b45c37,AD,1.7.10-amb
77,7/22/25 16:51,Yeti,TRUE,,0,0.40360555,1.75322E+12,ea5d034b02b45c37,AD,1.7.10-amb
77,7/22/25 16:52,Yeti,TRUE,,0,0.17244233,1.75322E+12,ea5d034b02b45c37,AD,1.7.10-amb
77,7/22/25 16:53,Yeti,TRUE,,0,0.12823468,1.75322E+12,ea5d034b02b45c37,AD,1.7.10-amb
77,7/22/25 16:54,Yeti,TRUE,,0,0.08313366,1.75322E+12,ea5d034b02b45c37,AD,1.7.10-amb
76,7/22/25 16:55,Yeti,TRUE,,0,0.38662517,1.75322E+12,ea5d034b02b45c37,AD,1.7.10-amb
76,7/22/25 16:56,Yeti,TRUE,,1,0.75959647,1.75322E+12,ea5d034b02b45c37,AD,1.7.10-amb
76,7/22/25 16:57,Yeti,TRUE,,1,0.86894417,1.75322E+12,ea5d034b02b45c37,AD,1.7.10-amb
76,7/22/25 16:58,Yeti,TRUE,,0,0.454727,1.75322E+12,ea5d034b02b45c37,AD,1.7.10-amb
76,7/22/25 16:59,Yeti,TRUE,,0,0.07194373,1.75322E+12,ea5d034b02b45c37,AD,1.7.10-amb
76,7/22/25 17:00,Yeti,TRUE,,1,0.8865801,1.75322E+12,ea5d034b02b45c37,AD,1.7.10-amb
76,7/22/25 17:01,Yeti,TRUE,,0,0.10430929,1.75322E+12,ea5d034b02b45c37,AD,1.7.10-amb
76,7/22/25 17:02,Yeti,TRUE,,0,0.16028921,1.75322E+12,ea5d034b02b45c37,AD,1.7.10-amb
76,7/22/25 17:03,Yeti,TRUE,,0,0.1580603,1.75322E+12,ea5d034b02b45c37,AD,1.7.10-amb
76,7/22/25 17:04,Yeti,TRUE,,1,0.847208,1.75322E+12,ea5d034b02b45c37,AD,1.7.10-amb
75,7/22/25 17:05,Yeti,TRUE,,0,0.06205672,1.75322E+12,ea5d034b02b45c37,AD,1.7.10-amb
75,7/22/25 17:06,Yeti,TRUE,,0,0.4279289,1.75322E+12,ea5d034b02b45c37,AD,1.7.10-amb
75,7/22/25 17:07,Yeti,TRUE,,0,0.14907216,1.75322E+12,ea5d034b02b45c37,AD,1.7.10-amb
75,7/22/25 17:08,Yeti,TRUE,,1,0.5090499,1.75322E+12,ea5d034b02b45c37,AD,1.7.10-amb
75,7/22/25 17:09,Yeti,TRUE,,0,0.45642233,1.75322E+12,ea5d034b02b45c37,AD,1.7.10-amb
75,7/22/25 17:10,Yeti,TRUE,,0,0.21777801,1.75322E+12,ea5d034b02b45c37,AD,1.7.10-amb
75,7/22/25 17:11,Yeti,TRUE,,0,0.31604597,1.75322E+12,ea5d034b02b45c37,AD,1.7.10-amb
75,7/22/25 17:12,Yeti,TRUE,,1,0.61626405,1.75322E+12,ea5d034b02b45c37,AD,1.7.10-amb
75,7/22/25 17:13,Yeti,TRUE,,0,0.3656784,1.75322E+12,ea5d034b02b45c37,AD,1.7.10-amb
75,7/22/25 17:14,Yeti,TRUE,,0,0.24181743,1.75322E+12,ea5d034b02b45c37,AD,1.7.10-amb
75,7/22/25 17:15,Yeti,TRUE,,0,0.46070826,1.75322E+12,ea5d034b02b45c37,AD,1.7.10-amb
75,7/22/25 17:16,Yeti,TRUE,,0,0.030046273,1.75322E+12,ea5d034b02b45c37,AD,1.7.10-amb
74,7/22/25 17:17,Yeti,TRUE,,0,0.13634726,1.75322E+12,ea5d034b02b45c37,AD,1.7.10-amb
74,7/22/25 17:18,Yeti,TRUE,,0,0.45672175,1.75322E+12,ea5d034b02b45c37,AD,1.7.10-amb
74,7/22/25 17:19,Yeti,TRUE,,0,0.31982788,1.75322E+12,ea5d034b02b45c37,AD,1.7.10-amb
74,7/22/25 17:20,Yeti,TRUE,,0,0.17357615,1.75322E+12,ea5d034b02b45c37,AD,1.7.10-amb
74,7/22/25 17:21,Yeti,TRUE,,1,0.96102166,1.75322E+12,ea5d034b02b45c37,AD,1.7.10-amb
74,7/22/25 17:22,Yeti,TRUE,,1,0.7291709,1.75322E+12,ea5d034b02b45c37,AD,1.7.10-amb
74,7/22/25 17:23,Yeti,TRUE,,0,0.100860134,1.75322E+12,ea5d034b02b45c37,AD,1.7.10-amb
74,7/22/25 17:24,Yeti,TRUE,,1,0.92213136,1.75322E+12,ea5d034b02b45c37,AD,1.7.10-amb
74,7/22/25 17:25,Yeti,TRUE,,1,0.6818328,1.75322E+12,ea5d034b02b45c37,AD,1.7.10-amb
74,7/22/25 17:26,Yeti,TRUE,,0,0.02291482,1.75322E+12,ea5d034b02b45c37,AD,1.7.10-amb
73,7/22/25 17:27,Yeti,TRUE,,0,0.093282044,1.75322E+12,ea5d034b02b45c37,AD,1.7.10-amb
73,7/22/25 17:28,Yeti,TRUE,,1,0.5204163,1.75322E+12,ea5d034b02b45c37,AD,1.7.10-amb
73,7/22/25 17:29,Yeti,TRUE,,1,0.5717485,1.75322E+12,ea5d034b02b45c37,AD,1.7.10-amb
73,7/22/25 17:30,Yeti,TRUE,,0,0.15495814,1.75322E+12,ea5d034b02b45c37,AD,1.7.10-amb
73,7/22/25 17:31,Yeti,TRUE,,0,0.11777661,1.75322E+12,ea5d034b02b45c37,AD,1.7.10-amb
73,7/22/25 17:32,Yeti,TRUE,,0,0.23641014,1.75322E+12,ea5d034b02b45c37,AD,1.7.10-amb
73,7/22/25 17:33,Yeti,TRUE,,0,0.04562297,1.75322E+12,ea5d034b02b45c37,AD,1.7.10-amb
73,7/22/25 17:34,Yeti,TRUE,,1,0.95969987,1.75322E+12,ea5d034b02b45c37,AD,1.7.10-amb
73,7/22/25 17:35,Yeti,FALSE,,0,0.046960145,1.75322E+12,ea5d034b02b45c37,AD,1.7.10-amb
72,7/22/25 17:36,Yeti,TRUE,,0,0.07670941,1.75322E+12,ea5d034b02b45c37,AD,1.7.10-amb
72,7/22/25 17:37,Yeti,TRUE,,0,0.093387,1.75322E+12,ea5d034b02b45c37,AD,1.7.10-amb
72,7/22/25 17:38,Yeti,TRUE,,0,0.041408613,1.75322E+12,ea5d034b02b45c37,AD,1.7.10-amb
72,7/22/25 17:39,Yeti,TRUE,,1,0.51662445,1.75322E+12,ea5d034b02b45c37,AD,1.7.10-amb
72,7/22/25 17:40,Yeti,TRUE,,0,0.3408598,1.75322E+12,ea5d034b02b45c37,AD,1.7.10-amb
72,7/22/25 17:41,Yeti,TRUE,,0,0.3905297,1.75322E+12,ea5d034b02b45c37,AD,1.7.10-amb
72,7/22/25 17:42,Yeti,TRUE,,1,0.9573014,1.75322E+12,ea5d034b02b45c37,AD,1.7.10-amb
72,7/22/25 17:43,Yeti,TRUE,,1,0.95350313,1.75322E+12,ea5d034b02b45c37,AD,1.7.10-amb
72,7/22/25 17:44,Yeti,TRUE,,1,0.99135053,1.75322E+12,ea5d034b02b45c37,AD,1.7.10-amb
72,7/22/25 17:45,Yeti,TRUE,,1,0.9546457,1.75322E+12,ea5d034b02b45c37,AD,1.7.10-amb
72,7/22/25 17:46,Yeti,TRUE,,1,0.9135086,1.75322E+12,ea5d034b02b45c37,AD,1.7.10-amb
71,7/22/25 17:47,Yeti,TRUE,,1,0.9584841,1.75322E+12,ea5d034b02b45c37,AD,1.7.10-amb
71,7/22/25 17:48,Yeti,TRUE,,1,0.9182817,1.75322E+12,ea5d034b02b45c37,AD,1.7.10-amb
71,7/22/25 17:49,Yeti,TRUE,,1,0.9459297,1.75322E+12,ea5d034b02b45c37,AD,1.7.10-amb
71,7/22/25 17:50,Yeti,TRUE,,1,0.87842524,1.75322E+12,ea5d034b02b45c37,AD,1.7.10-amb
71,7/22/25 17:51,Yeti,TRUE,,1,0.929424,1.75322E+12,ea5d034b02b45c37,AD,1.7.10-amb
71,7/22/25 17:52,Yeti,TRUE,,1,0.74988186,1.75322E+12,ea5d034b02b45c37,AD,1.7.10-amb
71,7/22/25 17:53,Yeti,TRUE,,1,0.9885445,1.75322E+12,ea5d034b02b45c37,AD,1.7.10-amb
71,7/22/25 17:54,Yeti,TRUE,,1,0.8706198,1.75322E+12,ea5d034b02b45c37,AD,1.7.10-amb
71,7/22/25 17:55,Yeti,TRUE,,0,0.091060214,1.75322E+12,ea5d034b02b45c37,AD,1.7.10-amb
71,7/22/25 17:56,Yeti,TRUE,,1,0.98289454,1.75322E+12,ea5d034b02b45c37,AD,1.7.10-amb
71,7/22/25 17:57,Yeti,TRUE,,1,0.9441629,1.75322E+12,ea5d034b02b45c37,AD,1.7.10-amb
70,7/22/25 17:58,Yeti,TRUE,,1,0.9720551,1.75322E+12,ea5d034b02b45c37,AD,1.7.10-amb
70,7/22/25 17:59,Yeti,TRUE,,1,0.9840844,1.75322E+12,ea5d034b02b45c37,AD,1.7.10-amb
70,7/22/25 18:00,Yeti,TRUE,,1,0.9741023,1.75322E+12,ea5d034b02b45c37,AD,1.7.10-amb
70,7/22/25 18:01,Yeti,TRUE,,1,0.97660565,1.75322E+12,ea5d034b02b45c37,AD,1.7.10-amb
70,7/22/25 18:02,Yeti,TRUE,,1,0.99575764,1.75322E+12,ea5d034b02b45c37,AD,1.7.10-amb
70,7/22/25 18:03,Yeti,TRUE,,1,0.9906775,1.75322E+12,ea5d034b02b45c37,AD,1.7.10-amb
70,7/22/25 18:04,Yeti,TRUE,,1,0.95159405,1.75322E+12,ea5d034b02b45c37,AD,1.7.10-amb
70,7/22/25 18:05,Yeti,TRUE,,1,0.99385506,1.75322E+12,ea5d034b02b45c37,AD,1.7.10-amb
70,7/22/25 18:06,Yeti,TRUE,,1,0.96027577,1.75322E+12,ea5d034b02b45c37,AD,1.7.10-amb
70,7/22/25 18:07,Yeti,TRUE,,1,0.95270634,1.75322E+12,ea5d034b02b45c37,AD,1.7.10-amb
70,7/22/25 18:08,Yeti,TRUE,,1,0.9849798,1.75322E+12,ea5d034b02b45c37,AD,1.7.10-amb
70,7/22/25 18:09,Yeti,TRUE,,1,0.81679326,1.75322E+12,ea5d034b02b45c37,AD,1.7.10-amb
70,7/22/25 18:10,Yeti,TRUE,,1,0.9771639,1.75322E+12,ea5d034b02b45c37,AD,1.7.10-amb
69,7/22/25 18:11,Yeti,TRUE,,1,0.97143674,1.75322E+12,ea5d034b02b45c37,AD,1.7.10-amb
69,7/22/25 18:12,Yeti,TRUE,,1,0.973105,1.75322E+12,ea5d034b02b45c37,AD,1.7.10-amb
69,7/22/25 18:13,Yeti,TRUE,,1,0.956253,1.75322E+12,ea5d034b02b45c37,AD,1.7.10-amb
69,7/22/25 18:14,Yeti,TRUE,,1,0.99291635,1.75322E+12,ea5d034b02b45c37,AD,1.7.10-amb
69,7/22/25 18:15,Yeti,TRUE,,1,0.9917285,1.75322E+12,ea5d034b02b45c37,AD,1.7.10-amb
69,7/22/25 18:16,Yeti,TRUE,,1,0.85342187,1.75322E+12,ea5d034b02b45c37,AD,1.7.10-amb
69,7/22/25 18:17,Yeti,TRUE,,1,0.80199885,1.75322E+12,ea5d034b02b45c37,AD,1.7.10-amb
69,7/22/25 18:18,Yeti,TRUE,,1,0.9850277,1.75322E+12,ea5d034b02b45c37,AD,1.7.10-amb
69,7/22/25 18:19,Yeti,TRUE,,0,0.001066576,1.75322E+12,ea5d034b02b45c37,AD,1.7.10-amb
69,7/22/25 18:20,Yeti,TRUE,,0,0.000550311,1.75322E+12,ea5d034b02b45c37,AD,1.7.10-amb
68,7/22/25 18:21,Yeti,TRUE,,0,0.000493338,1.75322E+12,ea5d034b02b45c37,AD,1.7.10-amb
68,7/22/25 18:22,Yeti,TRUE,,0,0.000755811,1.75322E+12,ea5d034b02b45c37,AD,1.7.10-amb
68,7/22/25 18:23,Yeti,TRUE,,0,0.000374219,1.75322E+12,ea5d034b02b45c37,AD,1.7.10-amb
68,7/22/25 18:24,Yeti,TRUE,,1,0.97447395,1.75322E+12,ea5d034b02b45c37,AD,1.7.10-amb
68,7/22/25 18:25,Yeti,TRUE,,1,0.9519317,1.75322E+12,ea5d034b02b45c37,AD,1.7.10-amb
68,7/22/25 18:26,Yeti,TRUE,,1,0.90374947,1.75322E+12,ea5d034b02b45c37,AD,1.7.10-amb
68,7/22/25 18:27,Yeti,TRUE,,1,0.99489695,1.75322E+12,ea5d034b02b45c37,AD,1.7.10-amb
68,7/22/25 18:28,Yeti,TRUE,,1,0.9507833,1.75322E+12,ea5d034b02b45c37,AD,1.7.10-amb
68,7/22/25 18:29,Yeti,TRUE,,0,0.072985366,1.75322E+12,ea5d034b02b45c37,AD,1.7.10-amb
68,7/22/25 18:30,Yeti,TRUE,,0,0.059322596,1.75322E+12,ea5d034b02b45c37,AD,1.7.10-amb
68,7/22/25 18:31,Yeti,TRUE,,0,0.1681697,1.75322E+12,ea5d034b02b45c37,AD,1.7.10-amb
68,7/22/25 18:32,Yeti,TRUE,,0,0.05178568,1.75322E+12,ea5d034b02b45c37,AD,1.7.10-amb
67,7/22/25 18:33,Yeti,TRUE,,0,0.0792749,1.75322E+12,ea5d034b02b45c37,AD,1.7.10-amb
67,7/22/25 18:34,Yeti,TRUE,,0,0.06337233,1.75322E+12,ea5d034b02b45c37,AD,1.7.10-amb
67,7/22/25 18:35,Yeti,TRUE,,0,0.032889105,1.75322E+12,ea5d034b02b45c37,AD,1.7.10-amb
67,7/22/25 18:36,Yeti,TRUE,,0,0.043712012,1.75322E+12,ea5d034b02b45c37,AD,1.7.10-amb
67,7/22/25 18:37,Yeti,TRUE,,0,0.03375717,1.75322E+12,ea5d034b02b45c37,AD,1.7.10-amb
67,7/22/25 18:38,Yeti,TRUE,,0,0.15636994,1.75322E+12,ea5d034b02b45c37,AD,1.7.10-amb
67,7/22/25 18:39,Yeti,TRUE,,0,0.04316934,1.75322E+12,ea5d034b02b45c37,AD,1.7.10-amb
67,7/22/25 18:40,Yeti,TRUE,,0,0.03027677,1.75322E+12,ea5d034b02b45c37,AD,1.7.10-amb
67,7/22/25 18:41,Yeti,TRUE,,0,0.25851288,1.75322E+12,ea5d034b02b45c37,AD,1.7.10-amb
67,7/22/25 18:42,Yeti,TRUE,,0,0.44041657,1.75322E+12,ea5d034b02b45c37,AD,1.7.10-amb
66,7/22/25 18:43,Yeti,TRUE,,0,0.16007777,1.75322E+12,ea5d034b02b45c37,AD,1.7.10-amb
66,7/22/25 18:44,Yeti,TRUE,,0,0.08789829,1.75322E+12,ea5d034b02b45c37,AD,1.7.10-amb
66,7/22/25 18:45,Yeti,TRUE,,0,0.16465698,1.75322E+12,ea5d034b02b45c37,AD,1.7.10-amb
66,7/22/25 18:46,Yeti,TRUE,,1,0.6879762,1.75322E+12,ea5d034b02b45c37,AD,1.7.10-amb
66,7/22/25 18:47,Yeti,TRUE,,0,0.009402948,1.75322E+12,ea5d034b02b45c37,AD,1.7.10-amb
66,7/22/25 18:48,Yeti,TRUE,,0,0.3404158,1.75322E+12,ea5d034b02b45c37,AD,1.7.10-amb
66,7/22/25 18:49,Yeti,TRUE,,0,0.0701386,1.75322E+12,ea5d034b02b45c37,AD,1.7.10-amb
66,7/22/25 18:50,Yeti,TRUE,,0,0.08013331,1.75322E+12,ea5d034b02b45c37,AD,1.7.10-amb
66,7/22/25 18:51,Yeti,TRUE,,0,0.41754776,1.75322E+12,ea5d034b02b45c37,AD,1.7.10-amb
66,7/22/25 18:52,Yeti,TRUE,,0,0.001145596,1.75322E+12,ea5d034b02b45c37,AD,1.7.10-amb
66,7/22/25 18:53,Yeti,TRUE,,0,0.39343306,1.75322E+12,ea5d034b02b45c37,AD,1.7.10-amb
65,7/22/25 18:54,Yeti,TRUE,,0,0.15149984,1.75322E+12,ea5d034b02b45c37,AD,1.7.10-amb
65,7/22/25 18:55,Yeti,TRUE,,0,0.40807354,1.75322E+12,ea5d034b02b45c37,AD,1.7.10-amb
65,7/22/25 18:56,Yeti,TRUE,,0,0.18192841,1.75322E+12,ea5d034b02b45c37,AD,1.7.10-amb
65,7/22/25 18:57,Yeti,TRUE,,0,0.1863541,1.75323E+12,ea5d034b02b45c37,AD,1.7.10-amb
65,7/22/25 18:58,Yeti,TRUE,,0,0.09538456,1.75323E+12,ea5d034b02b45c37,AD,1.7.10-amb
65,7/22/25 18:59,Yeti,TRUE,,0,0.16581444,1.75323E+12,ea5d034b02b45c37,AD,1.7.10-amb
65,7/22/25 19:00,Yeti,TRUE,,0,0.23416469,1.75323E+12,ea5d034b02b45c37,AD,1.7.10-amb
65,7/22/25 19:01,Yeti,TRUE,,0,0.4674773,1.75323E+12,ea5d034b02b45c37,AD,1.7.10-amb
65,7/22/25 19:02,Yeti,TRUE,,1,0.6887337,1.75323E+12,ea5d034b02b45c37,AD,1.7.10-amb
65,7/22/25 19:03,Yeti,TRUE,,1,0.56294227,1.75323E+12,ea5d034b02b45c37,AD,1.7.10-amb
65,7/22/25 19:04,Yeti,TRUE,,0,0.000929379,1.75323E+12,ea5d034b02b45c37,AD,1.7.10-amb
65,7/22/25 19:05,Yeti,TRUE,,1,0.9960802,1.75323E+12,ea5d034b02b45c37,AD,1.7.10-amb
65,7/22/25 19:06,Yeti,TRUE,,1,0.97038895,1.75323E+12,ea5d034b02b45c37,AD,1.7.10-amb
64,7/22/25 19:07,Yeti,TRUE,,1,0.98173606,1.75323E+12,ea5d034b02b45c37,AD,1.7.10-amb
64,7/22/25 19:08,Yeti,TRUE,,1,0.5455294,1.75323E+12,ea5d034b02b45c37,AD,1.7.10-amb
64,7/22/25 19:09,Yeti,TRUE,,1,0.62788993,1.75323E+12,ea5d034b02b45c37,AD,1.7.10-amb
64,7/22/25 19:10,Yeti,TRUE,,1,0.5709165,1.75323E+12,ea5d034b02b45c37,AD,1.7.10-amb
64,7/22/25 19:11,Yeti,TRUE,,1,0.92498606,1.75323E+12,ea5d034b02b45c37,AD,1.7.10-amb
64,7/22/25 19:12,Yeti,TRUE,,1,0.7697568,1.75323E+12,ea5d034b02b45c37,AD,1.7.10-amb
64,7/22/25 19:13,Yeti,TRUE,,1,0.97633845,1.75323E+12,ea5d034b02b45c37,AD,1.7.10-amb
64,7/22/25 19:14,Yeti,TRUE,,1,0.9901039,1.75323E+12,ea5d034b02b45c37,AD,1.7.10-amb
64,7/22/25 19:15,Yeti,TRUE,,1,0.9938944,1.75323E+12,ea5d034b02b45c37,AD,1.7.10-amb
63,7/22/25 19:16,Yeti,TRUE,,1,0.9952891,1.75323E+12,ea5d034b02b45c37,AD,1.7.10-amb
63,7/22/25 19:17,Yeti,TRUE,,1,0.99244916,1.75323E+12,ea5d034b02b45c37,AD,1.7.10-amb
63,7/22/25 19:18,Yeti,TRUE,,1,0.89449024,1.75323E+12,ea5d034b02b45c37,AD,1.7.10-amb
63,7/22/25 19:19,Yeti,TRUE,,1,0.9158082,1.75323E+12,ea5d034b02b45c37,AD,1.7.10-amb
63,7/22/25 19:20,Yeti,TRUE,,1,0.6438178,1.75323E+12,ea5d034b02b45c37,AD,1.7.10-amb
63,7/22/25 19:21,Yeti,TRUE,,1,0.5915661,1.75323E+12,ea5d034b02b45c37,AD,1.7.10-amb
63,7/22/25 19:22,Yeti,TRUE,,1,0.6555962,1.75323E+12,ea5d034b02b45c37,AD,1.7.10-amb
63,7/22/25 19:23,Yeti,TRUE,,1,0.7972484,1.75323E+12,ea5d034b02b45c37,AD,1.7.10-amb
63,7/22/25 19:24,Yeti,TRUE,,0,0.14652711,1.75323E+12,ea5d034b02b45c37,AD,1.7.10-amb
62,7/22/25 19:25,Yeti,TRUE,,0,0.15434018,1.75323E+12,ea5d034b02b45c37,AD,1.7.10-amb
62,7/22/25 19:26,Yeti,TRUE,,0,0.350693,1.75323E+12,ea5d034b02b45c37,AD,1.7.10-amb
62,7/22/25 19:27,Yeti,TRUE,,1,0.565546,1.75323E+12,ea5d034b02b45c37,AD,1.7.10-amb
62,7/22/25 19:28,Yeti,TRUE,,1,0.8253822,1.75323E+12,ea5d034b02b45c37,AD,1.7.10-amb
62,7/22/25 19:29,Yeti,TRUE,,1,0.90388817,1.75323E+12,ea5d034b02b45c37,AD,1.7.10-amb
62,7/22/25 19:30,Yeti,TRUE,,0,0.047092833,1.75323E+12,ea5d034b02b45c37,AD,1.7.10-amb
62,7/22/25 19:31,Yeti,TRUE,,1,0.9800863,1.75323E+12,ea5d034b02b45c37,AD,1.7.10-amb
62,7/22/25 19:32,Yeti,TRUE,,1,0.5141038,1.75323E+12,ea5d034b02b45c37,AD,1.7.10-amb
62,7/22/25 19:33,Yeti,TRUE,,1,0.9822479,1.75323E+12,ea5d034b02b45c37,AD,1.7.10-amb
62,7/22/25 19:34,Yeti,TRUE,,1,0.847156,1.75323E+12,ea5d034b02b45c37,AD,1.7.10-amb
61,7/22/25 19:35,Yeti,TRUE,,1,0.9384543,1.75323E+12,ea5d034b02b45c37,AD,1.7.10-amb
61,7/22/25 19:36,Yeti,TRUE,,0,0.26359332,1.75323E+12,ea5d034b02b45c37,AD,1.7.10-amb
61,7/22/25 19:37,Yeti,TRUE,,0,0.2943694,1.75323E+12,ea5d034b02b45c37,AD,1.7.10-amb
61,7/22/25 19:38,Yeti,TRUE,,1,0.7791684,1.75323E+12,ea5d034b02b45c37,AD,1.7.10-amb
61,7/22/25 19:39,Yeti,TRUE,,1,0.9529467,1.75323E+12,ea5d034b02b45c37,AD,1.7.10-amb
61,7/22/25 19:40,Yeti,TRUE,,1,0.96352094,1.75323E+12,ea5d034b02b45c37,AD,1.7.10-amb
61,7/22/25 19:41,Yeti,TRUE,,1,0.9897141,1.75323E+12,ea5d034b02b45c37,AD,1.7.10-amb
61,7/22/25 19:42,Yeti,TRUE,,1,0.98082423,1.75323E+12,ea5d034b02b45c37,AD,1.7.10-amb
61,7/22/25 19:43,Yeti,TRUE,,1,0.9568508,1.75323E+12,ea5d034b02b45c37,AD,1.7.10-amb
60,7/22/25 19:44,Yeti,TRUE,,1,0.8798568,1.75323E+12,ea5d034b02b45c37,AD,1.7.10-amb
60,7/22/25 19:45,Yeti,TRUE,,1,0.97942936,1.75323E+12,ea5d034b02b45c37,AD,1.7.10-amb
60,7/22/25 19:46,Yeti,TRUE,,1,0.967611,1.75323E+12,ea5d034b02b45c37,AD,1.7.10-amb
60,7/22/25 19:47,Yeti,TRUE,,1,0.9907085,1.75323E+12,ea5d034b02b45c37,AD,1.7.10-amb
60,7/22/25 19:48,Yeti,TRUE,,1,0.9753807,1.75323E+12,ea5d034b02b45c37,AD,1.7.10-amb
60,7/22/25 19:49,Yeti,TRUE,,1,0.9530657,1.75323E+12,ea5d034b02b45c37,AD,1.7.10-amb
60,7/22/25 19:50,Yeti,TRUE,,1,0.8857808,1.75323E+12,ea5d034b02b45c37,AD,1.7.10-amb
60,7/22/25 19:51,Yeti,TRUE,,0,0.28623283,1.75323E+12,ea5d034b02b45c37,AD,1.7.10-amb
60,7/22/25 19:52,Yeti,TRUE,,1,0.8679847,1.75323E+12,ea5d034b02b45c37,AD,1.7.10-amb
60,7/22/25 19:53,Yeti,TRUE,,1,0.7781883,1.75323E+12,ea5d034b02b45c37,AD,1.7.10-amb
60,7/22/25 19:54,Yeti,TRUE,,1,0.96171457,1.75323E+12,ea5d034b02b45c37,AD,1.7.10-amb
59,7/22/25 19:55,Yeti,TRUE,,1,0.8889655,1.75323E+12,ea5d034b02b45c37,AD,1.7.10-amb
59,7/22/25 19:56,Yeti,TRUE,,1,0.88066345,1.75323E+12,ea5d034b02b45c37,AD,1.7.10-amb
59,7/22/25 19:57,Yeti,TRUE,,1,0.92333823,1.75323E+12,ea5d034b02b45c37,AD,1.7.10-amb
59,7/22/25 19:58,Yeti,TRUE,,1,0.8687242,1.75323E+12,ea5d034b02b45c37,AD,1.7.10-amb
59,7/22/25 19:59,Yeti,TRUE,,1,0.55281717,1.75323E+12,ea5d034b02b45c37,AD,1.7.10-amb
59,7/22/25 20:00,Yeti,TRUE,,1,0.85040134,1.75323E+12,ea5d034b02b45c37,AD,1.7.10-amb
59,7/22/25 20:01,Yeti,TRUE,,0,0.4280617,1.75323E+12,ea5d034b02b45c37,AD,1.7.10-amb
59,7/22/25 20:02,Yeti,TRUE,,1,0.9912691,1.75323E+12,ea5d034b02b45c37,AD,1.7.10-amb
59,7/22/25 20:03,Yeti,TRUE,,0,0.34504378,1.75323E+12,ea5d034b02b45c37,AD,1.7.10-amb
59,7/22/25 20:04,Yeti,TRUE,,1,0.51016307,1.75323E+12,ea5d034b02b45c37,AD,1.7.10-amb
59,7/22/25 20:05,Yeti,TRUE,,0,0.29930437,1.75323E+12,ea5d034b02b45c37,AD,1.7.10-amb
58,7/22/25 20:06,Yeti,TRUE,,1,0.9123087,1.75323E+12,ea5d034b02b45c37,AD,1.7.10-amb
58,7/22/25 20:07,Yeti,TRUE,,1,0.85475194,1.75323E+12,ea5d034b02b45c37,AD,1.7.10-amb
58,7/22/25 20:08,Yeti,TRUE,,0,0.3334672,1.75323E+12,ea5d034b02b45c37,AD,1.7.10-amb
58,7/22/25 20:09,Yeti,TRUE,,1,0.8714403,1.75323E+12,ea5d034b02b45c37,AD,1.7.10-amb
58,7/22/25 20:10,Yeti,TRUE,,0,0.01695536,1.75323E+12,ea5d034b02b45c37,AD,1.7.10-amb
58,7/22/25 20:11,Yeti,TRUE,,0,0.007851156,1.75323E+12,ea5d034b02b45c37,AD,1.7.10-amb
58,7/22/25 20:12,Yeti,TRUE,,0,0.33983433,1.75323E+12,ea5d034b02b45c37,AD,1.7.10-amb
58,7/22/25 20:13,Yeti,TRUE,,1,0.50272435,1.75323E+12,ea5d034b02b45c37,AD,1.7.10-amb
58,7/22/25 20:14,Yeti,TRUE,,0,0.30575827,1.75323E+12,ea5d034b02b45c37,AD,1.7.10-amb
57,7/22/25 20:15,Yeti,TRUE,,0,0.3494407,1.75323E+12,ea5d034b02b45c37,AD,1.7.10-amb
57,7/22/25 20:16,Yeti,TRUE,,0,0.24641179,1.75323E+12,ea5d034b02b45c37,AD,1.7.10-amb
57,7/22/25 20:17,Yeti,TRUE,,0,0.39961067,1.75323E+12,ea5d034b02b45c37,AD,1.7.10-amb
57,7/22/25 20:18,Yeti,TRUE,,0,0.014511311,1.75323E+12,ea5d034b02b45c37,AD,1.7.10-amb
57,7/22/25 20:19,Yeti,TRUE,,0,0.101090275,1.75323E+12,ea5d034b02b45c37,AD,1.7.10-amb
57,7/22/25 20:20,Yeti,TRUE,,0,0.34121415,1.75323E+12,ea5d034b02b45c37,AD,1.7.10-amb
57,7/22/25 20:21,Yeti,TRUE,,0,0.3072344,1.75323E+12,ea5d034b02b45c37,AD,1.7.10-amb
57,7/22/25 20:22,Yeti,TRUE,,0,0.32031003,1.75323E+12,ea5d034b02b45c37,AD,1.7.10-amb
57,7/22/25 20:23,Yeti,TRUE,,0,0.4236647,1.75323E+12,ea5d034b02b45c37,AD,1.7.10-amb
57,7/22/25 20:24,Yeti,TRUE,,0,0.37332013,1.75323E+12,ea5d034b02b45c37,AD,1.7.10-amb
57,7/22/25 20:25,Yeti,TRUE,,0,0.23340786,1.75323E+12,ea5d034b02b45c37,AD,1.7.10-amb
56,7/22/25 20:26,Yeti,TRUE,,1,0.74794304,1.75323E+12,ea5d034b02b45c37,AD,1.7.10-amb
56,7/22/25 20:27,Yeti,TRUE,,1,0.7886049,1.75323E+12,ea5d034b02b45c37,AD,1.7.10-amb
56,7/22/25 20:28,Yeti,TRUE,,1,0.9881124,1.75323E+12,ea5d034b02b45c37,AD,1.7.10-amb
56,7/22/25 20:29,Yeti,TRUE,,1,0.95263743,1.75323E+12,ea5d034b02b45c37,AD,1.7.10-amb
56,7/22/25 20:30,Yeti,TRUE,,1,0.98939437,1.75323E+12,ea5d034b02b45c37,AD,1.7.10-amb
56,7/22/25 20:31,Yeti,TRUE,,0,0.38425586,1.75323E+12,ea5d034b02b45c37,AD,1.7.10-amb
56,7/22/25 20:32,Yeti,TRUE,,0,0.3745888,1.75323E+12,ea5d034b02b45c37,AD,1.7.10-amb
56,7/22/25 20:33,Yeti,TRUE,,1,0.54290336,1.75323E+12,ea5d034b02b45c37,AD,1.7.10-amb
56,7/22/25 20:34,Yeti,TRUE,,1,0.917896,1.75323E+12,ea5d034b02b45c37,AD,1.7.10-amb
56,7/22/25 20:35,Yeti,FALSE,,1,0.98117065,1.75323E+12,ea5d034b02b45c37,AD,1.7.10-amb
57,7/22/25 20:36,Yeti,FALSE,,0,0.005091855,1.75323E+12,ea5d034b02b45c37,AD,1.7.10-amb
59,7/22/25 20:37,Yeti,FALSE,,1,0.5117173,1.75323E+12,ea5d034b02b45c37,AD,1.7.10-amb
62,7/22/25 20:38,Yeti,FALSE,,0,0.012872797,1.75323E+12,ea5d034b02b45c37,AD,1.7.10-amb
64,7/22/25 20:39,Yeti,FALSE,,0,0.013462296,1.75323E+12,ea5d034b02b45c37,AD,1.7.10-amb
66,7/22/25 20:40,Yeti,FALSE,,0,0.08005073,1.75323E+12,ea5d034b02b45c37,AD,1.7.10-amb
68,7/22/25 20:41,Yeti,FALSE,,0,0.11156712,1.75323E+12,ea5d034b02b45c37,AD,1.7.10-amb
70,7/22/25 20:42,Yeti,FALSE,,0,0.008800026,1.75323E+12,ea5d034b02b45c37,AD,1.7.10-amb
72,7/22/25 20:43,Yeti,FALSE,,0,0.0786309,1.75323E+12,ea5d034b02b45c37,AD,1.7.10-amb
74,7/22/25 20:44,Yeti,FALSE,,0,0.47330716,1.75323E+12,ea5d034b02b45c37,AD,1.7.10-amb
75,7/22/25 20:45,Yeti,FALSE,,0,0.45763078,1.75323E+12,ea5d034b02b45c37,AD,1.7.10-amb
77,7/22/25 20:46,Yeti,FALSE,,0,0.29848728,1.75323E+12,ea5d034b02b45c37,AD,1.7.10-amb
78,7/22/25 20:47,Yeti,FALSE,,0,0.16682918,1.75323E+12,ea5d034b02b45c37,AD,1.7.10-amb
80,7/22/25 20:48,Yeti,FALSE,,1,0.7458247,1.75323E+12,ea5d034b02b45c37,AD,1.7.10-amb
81,7/22/25 20:49,Yeti,FALSE,,0,0.21936107,1.75323E+12,ea5d034b02b45c37,AD,1.7.10-amb
83,7/22/25 20:50,Yeti,FALSE,,0,0.28273866,1.75323E+12,ea5d034b02b45c37,AD,1.7.10-amb
84,7/22/25 20:51,Yeti,FALSE,,0,0.000506759,1.75323E+12,ea5d034b02b45c37,AD,1.7.10-amb
86,7/22/25 20:52,Yeti,FALSE,,0,0.008375937,1.75323E+12,ea5d034b02b45c37,AD,1.7.10-amb
87,7/22/25 20:53,Yeti,FALSE,,0,0.024918903,1.75323E+12,ea5d034b02b45c37,AD,1.7.10-amb
88,7/22/25 20:54,Yeti,FALSE,,0,0.17794564,1.75323E+12,ea5d034b02b45c37,AD,1.7.10-amb
89,7/22/25 20:55,Yeti,FALSE,,0,0.13092862,1.75323E+12,ea5d034b02b45c37,AD,1.7.10-amb
90,7/22/25 20:56,Yeti,FALSE,,0,0.001018347,1.75323E+12,ea5d034b02b45c37,AD,1.7.10-amb
90,7/22/25 20:57,Yeti,FALSE,,0,0.001509166,1.75323E+12,ea5d034b02b45c37,AD,1.7.10-amb
91,7/22/25 20:58,Yeti,FALSE,,0,0.022459691,1.75323E+12,ea5d034b02b45c37,AD,1.7.10-amb
92,7/22/25 20:59,Yeti,FALSE,,0,0.008158028,1.75323E+12,ea5d034b02b45c37,AD,1.7.10-amb
93,7/22/25 21:00,Yeti,FALSE,,0,0.000877628,1.75323E+12,ea5d034b02b45c37,AD,1.7.10-amb
100,7/23/25 7:00,Yeti,FALSE,,0,0.001824786,1.75327E+12,ea5d034b02b45c37,AD,1.7.10-amb
100,7/23/25 7:01,Yeti,FALSE,,0,0.006900582,1.75327E+12,ea5d034b02b45c37,AD,1.7.10-amb
100,7/23/25 7:02,Yeti,FALSE,,0,0.002918615,1.75327E+12,ea5d034b02b45c37,AD,1.7.10-amb
100,7/23/25 7:03,Yeti,FALSE,,0,0.004210191,1.75327E+12,ea5d034b02b45c37,AD,1.7.10-amb
100,7/23/25 7:04,Yeti,FALSE,,0,0.004881543,1.75327E+12,ea5d034b02b45c37,AD,1.7.10-amb
100,7/23/25 7:05,Yeti,FALSE,,0,0.005550846,1.75327E+12,ea5d034b02b45c37,AD,1.7.10-amb
100,7/23/25 7:06,Yeti,FALSE,,0,0.002138444,1.75327E+12,ea5d034b02b45c37,AD,1.7.10-amb
100,7/23/25 7:07,Yeti,FALSE,,0,0.00530814,1.75327E+12,ea5d034b02b45c37,AD,1.7.10-amb
100,7/23/25 7:08,Yeti,FALSE,,0,0.004298527,1.75327E+12,ea5d034b02b45c37,AD,1.7.10-amb
100,7/23/25 7:09,Yeti,FALSE,,0,0.006183401,1.75327E+12,ea5d034b02b45c37,AD,1.7.10-amb
100,7/23/25 7:10,Yeti,FALSE,,0,0.004229446,1.75327E+12,ea5d034b02b45c37,AD,1.7.10-amb
100,7/23/25 7:11,Yeti,FALSE,,0,0.007979452,1.75327E+12,ea5d034b02b45c37,AD,1.7.10-amb
100,7/23/25 7:12,Yeti,FALSE,,0,0.004590736,1.75327E+12,ea5d034b02b45c37,AD,1.7.10-amb
100,7/23/25 7:13,Yeti,FALSE,,0,0.002907231,1.75327E+12,ea5d034b02b45c37,AD,1.7.10-amb
100,7/23/25 7:14,Yeti,FALSE,,0,0.006221646,1.75327E+12,ea5d034b02b45c37,AD,1.7.10-amb
100,7/23/25 7:15,Yeti,FALSE,,0,0.019104393,1.75327E+12,ea5d034b02b45c37,AD,1.7.10-amb
100,7/23/25 7:16,Yeti,FALSE,,0,0.012169792,1.75327E+12,ea5d034b02b45c37,AD,1.7.10-amb
100,7/23/25 7:17,Yeti,FALSE,,0,0.02072335,1.75327E+12,ea5d034b02b45c37,AD,1.7.10-amb
100,7/23/25 7:18,Yeti,FALSE,,0,0.009719578,1.75327E+12,ea5d034b02b45c37,AD,1.7.10-amb
100,7/23/25 7:19,Yeti,FALSE,,0,0.00210906,1.75327E+12,ea5d034b02b45c37,AD,1.7.10-amb
100,7/23/25 7:20,Yeti,FALSE,,0,0.004951412,1.75327E+12,ea5d034b02b45c37,AD,1.7.10-amb
100,7/23/25 7:21,Yeti,FALSE,,0,0.003762567,1.75327E+12,ea5d034b02b45c37,AD,1.7.10-amb
100,7/23/25 7:22,Yeti,FALSE,,0,0.000171187,1.75327E+12,ea5d034b02b45c37,AD,1.7.10-amb
100,7/23/25 7:23,Yeti,FALSE,,0,0.00787722,1.75327E+12,ea5d034b02b45c37,AD,1.7.10-amb
100,7/23/25 7:24,Yeti,FALSE,,0,0.001937781,1.75327E+12,ea5d034b02b45c37,AD,1.7.10-amb
100,7/23/25 7:25,Yeti,FALSE,,0,0.010040698,1.75327E+12,ea5d034b02b45c37,AD,1.7.10-amb
100,7/23/25 7:26,Yeti,FALSE,,0,0.001723963,1.75327E+12,ea5d034b02b45c37,AD,1.7.10-amb
100,7/23/25 7:27,Yeti,FALSE,,0,0.002987196,1.75327E+12,ea5d034b02b45c37,AD,1.7.10-amb
100,7/23/25 7:28,Yeti,FALSE,,0,0.005596364,1.75327E+12,ea5d034b02b45c37,AD,1.7.10-amb
100,7/23/25 7:29,Yeti,FALSE,,0,0.005461165,1.75327E+12,ea5d034b02b45c37,AD,1.7.10-amb
100,7/23/25 7:30,Yeti,FALSE,,0,0.021058971,1.75327E+12,ea5d034b02b45c37,AD,1.7.10-amb
100,7/23/25 7:31,Yeti,FALSE,,0,0.31329107,1.75327E+12,ea5d034b02b45c37,AD,1.7.10-amb
100,7/23/25 7:32,Yeti,FALSE,,0,0.09986318,1.75327E+12,ea5d034b02b45c37,AD,1.7.10-amb
100,7/23/25 7:33,Yeti,TRUE,,0,0.09750483,1.75327E+12,ea5d034b02b45c37,AD,1.7.10-amb
100,7/23/25 7:35,Yeti,TRUE,,0,0.020909378,1.75327E+12,ea5d034b02b45c37,AD,1.7.10-amb
99,7/23/25 7:36,Yeti,TRUE,,0,0.032426905,1.75327E+12,ea5d034b02b45c37,AD,1.7.10-amb
99,7/23/25 7:37,Yeti,TRUE,,0,0.009190355,1.75327E+12,ea5d034b02b45c37,AD,1.7.10-amb
99,7/23/25 7:38,Yeti,TRUE,,0,0.08471465,1.75327E+12,ea5d034b02b45c37,AD,1.7.10-amb
99,7/23/25 7:39,Yeti,TRUE,,0,0.38306898,1.75327E+12,ea5d034b02b45c37,AD,1.7.10-amb
99,7/23/25 7:40,Yeti,TRUE,,0,0.012600673,1.75327E+12,ea5d034b02b45c37,AD,1.7.10-amb
99,7/23/25 7:41,Yeti,TRUE,,0,0.15296967,1.75327E+12,ea5d034b02b45c37,AD,1.7.10-amb
99,7/23/25 7:42,Yeti,TRUE,,1,0.8346432,1.75327E+12,ea5d034b02b45c37,AD,1.7.10-amb
99,7/23/25 7:43,Yeti,TRUE,,0,0.15939707,1.75327E+12,ea5d034b02b45c37,AD,1.7.10-amb
98,7/23/25 7:44,Yeti,TRUE,,0,0.06122932,1.75327E+12,ea5d034b02b45c37,AD,1.7.10-amb
98,7/23/25 7:45,Yeti,TRUE,,1,0.5670531,1.75327E+12,ea5d034b02b45c37,AD,1.7.10-amb
98,7/23/25 7:46,Yeti,TRUE,,1,0.9587955,1.75327E+12,ea5d034b02b45c37,AD,1.7.10-amb
98,7/23/25 7:47,Yeti,TRUE,,0,0.08699637,1.75327E+12,ea5d034b02b45c37,AD,1.7.10-amb
98,7/23/25 7:48,Yeti,TRUE,,0,0.15146843,1.75327E+12,ea5d034b02b45c37,AD,1.7.10-amb
98,7/23/25 7:49,Yeti,TRUE,,0,0.1335013,1.75327E+12,ea5d034b02b45c37,AD,1.7.10-amb
98,7/23/25 7:50,Yeti,TRUE,,1,0.68231094,1.75327E+12,ea5d034b02b45c37,AD,1.7.10-amb
98,7/23/25 7:51,Yeti,TRUE,,0,0.1273942,1.75327E+12,ea5d034b02b45c37,AD,1.7.10-amb
98,7/23/25 7:52,Yeti,TRUE,,0,0.23504749,1.75327E+12,ea5d034b02b45c37,AD,1.7.10-amb
98,7/23/25 7:53,Yeti,TRUE,,1,0.90008795,1.75327E+12,ea5d034b02b45c37,AD,1.7.10-amb
97,7/23/25 7:54,Yeti,TRUE,,0,0.019002331,1.75327E+12,ea5d034b02b45c37,AD,1.7.10-amb
97,7/23/25 7:55,Yeti,TRUE,,0,0.029453317,1.75327E+12,ea5d034b02b45c37,AD,1.7.10-amb
97,7/23/25 7:56,Yeti,TRUE,,0,0.09614534,1.75327E+12,ea5d034b02b45c37,AD,1.7.10-amb
97,7/23/25 7:57,Yeti,TRUE,,1,0.93464655,1.75327E+12,ea5d034b02b45c37,AD,1.7.10-amb
97,7/23/25 7:58,Yeti,TRUE,,1,0.9897545,1.75327E+12,ea5d034b02b45c37,AD,1.7.10-amb
97,7/23/25 7:59,Yeti,TRUE,,1,0.88418126,1.75327E+12,ea5d034b02b45c37,AD,1.7.10-amb
97,7/23/25 8:00,Yeti,TRUE,,1,0.93401915,1.75327E+12,ea5d034b02b45c37,AD,1.7.10-amb
97,7/23/25 8:01,Yeti,TRUE,,1,0.8278481,1.75327E+12,ea5d034b02b45c37,AD,1.7.10-amb
97,7/23/25 8:02,Yeti,TRUE,,0,0.24376135,1.75327E+12,ea5d034b02b45c37,AD,1.7.10-amb
97,7/23/25 8:03,Yeti,TRUE,,0,0.18385015,1.75327E+12,ea5d034b02b45c37,AD,1.7.10-amb
96,7/23/25 8:04,Yeti,TRUE,,1,0.66846436,1.75327E+12,ea5d034b02b45c37,AD,1.7.10-amb
96,7/23/25 8:05,Yeti,TRUE,,1,0.69409615,1.75327E+12,ea5d034b02b45c37,AD,1.7.10-amb
96,7/23/25 8:06,Yeti,TRUE,,1,0.5427025,1.75327E+12,ea5d034b02b45c37,AD,1.7.10-amb
96,7/23/25 8:07,Yeti,TRUE,,1,0.98666346,1.75327E+12,ea5d034b02b45c37,AD,1.7.10-amb
96,7/23/25 8:08,Yeti,TRUE,,1,0.97822475,1.75327E+12,ea5d034b02b45c37,AD,1.7.10-amb
96,7/23/25 8:09,Yeti,TRUE,,1,0.8904983,1.75327E+12,ea5d034b02b45c37,AD,1.7.10-amb
96,7/23/25 8:10,Yeti,TRUE,,1,0.66758406,1.75327E+12,ea5d034b02b45c37,AD,1.7.10-amb
96,7/23/25 8:11,Yeti,TRUE,,1,0.8612571,1.75327E+12,ea5d034b02b45c37,AD,1.7.10-amb
96,7/23/25 8:12,Yeti,TRUE,,1,0.63024724,1.75327E+12,ea5d034b02b45c37,AD,1.7.10-amb
96,7/23/25 8:13,Yeti,TRUE,,0,0.38550478,1.75327E+12,ea5d034b02b45c37,AD,1.7.10-amb
95,7/23/25 8:14,Yeti,TRUE,,1,0.98439723,1.75327E+12,ea5d034b02b45c37,AD,1.7.10-amb
95,7/23/25 8:15,Yeti,TRUE,,1,0.99224263,1.75327E+12,ea5d034b02b45c37,AD,1.7.10-amb
95,7/23/25 8:16,Yeti,TRUE,,0,0.16736878,1.75327E+12,ea5d034b02b45c37,AD,1.7.10-amb
95,7/23/25 8:17,Yeti,TRUE,,1,0.95715624,1.75327E+12,ea5d034b02b45c37,AD,1.7.10-amb
95,7/23/25 8:18,Yeti,TRUE,,1,0.95453626,1.75327E+12,ea5d034b02b45c37,AD,1.7.10-amb
95,7/23/25 8:19,Yeti,TRUE,,1,0.88491374,1.75327E+12,ea5d034b02b45c37,AD,1.7.10-amb
95,7/23/25 8:20,Yeti,TRUE,,1,0.69663423,1.75327E+12,ea5d034b02b45c37,AD,1.7.10-amb
95,7/23/25 8:21,Yeti,TRUE,,1,0.9873855,1.75327E+12,ea5d034b02b45c37,AD,1.7.10-amb
95,7/23/25 8:22,Yeti,TRUE,,1,0.9234232,1.75327E+12,ea5d034b02b45c37,AD,1.7.10-amb
95,7/23/25 8:23,Yeti,TRUE,,1,0.8981284,1.75327E+12,ea5d034b02b45c37,AD,1.7.10-amb
95,7/23/25 8:24,Yeti,TRUE,,1,0.9368706,1.75327E+12,ea5d034b02b45c37,AD,1.7.10-amb
94,7/23/25 8:25,Yeti,TRUE,,1,0.821222,1.75327E+12,ea5d034b02b45c37,AD,1.7.10-amb
94,7/23/25 8:26,Yeti,TRUE,,1,0.976233,1.75327E+12,ea5d034b02b45c37,AD,1.7.10-amb
94,7/23/25 8:27,Yeti,TRUE,,1,0.9224,1.75327E+12,ea5d034b02b45c37,AD,1.7.10-amb
94,7/23/25 8:28,Yeti,TRUE,,1,0.8166023,1.75327E+12,ea5d034b02b45c37,AD,1.7.10-amb
94,7/23/25 8:29,Yeti,TRUE,,0,0.4990534,1.75327E+12,ea5d034b02b45c37,AD,1.7.10-amb
94,7/23/25 8:30,Yeti,TRUE,,0,0.3973914,1.75327E+12,ea5d034b02b45c37,AD,1.7.10-amb
94,7/23/25 8:31,Yeti,TRUE,,1,0.9021585,1.75327E+12,ea5d034b02b45c37,AD,1.7.10-amb
94,7/23/25 8:32,Yeti,TRUE,,1,0.7002411,1.75327E+12,ea5d034b02b45c37,AD,1.7.10-amb
94,7/23/25 8:33,Yeti,TRUE,,1,0.9670424,1.75327E+12,ea5d034b02b45c37,AD,1.7.10-amb
94,7/23/25 8:34,Yeti,TRUE,,1,0.9612136,1.75327E+12,ea5d034b02b45c37,AD,1.7.10-amb
94,7/23/25 8:35,Yeti,TRUE,,1,0.9689855,1.75327E+12,ea5d034b02b45c37,AD,1.7.10-amb
93,7/23/25 8:36,Yeti,TRUE,,1,0.9122987,1.75327E+12,ea5d034b02b45c37,AD,1.7.10-amb
93,7/23/25 8:37,Yeti,TRUE,,1,0.934697,1.75327E+12,ea5d034b02b45c37,AD,1.7.10-amb
93,7/23/25 8:38,Yeti,TRUE,,0,0.034610774,1.75327E+12,ea5d034b02b45c37,AD,1.7.10-amb
93,7/23/25 8:39,Yeti,TRUE,,0,0.05947019,1.75327E+12,ea5d034b02b45c37,AD,1.7.10-amb
93,7/23/25 8:40,Yeti,TRUE,,0,0.08178897,1.75327E+12,ea5d034b02b45c37,AD,1.7.10-amb
93,7/23/25 8:41,Yeti,TRUE,,0,0.032180272,1.75327E+12,ea5d034b02b45c37,AD,1.7.10-amb
93,7/23/25 8:42,Yeti,TRUE,,0,0.07786102,1.75327E+12,ea5d034b02b45c37,AD,1.7.10-amb
93,7/23/25 8:43,Yeti,TRUE,,1,0.918942,1.75327E+12,ea5d034b02b45c37,AD,1.7.10-amb
93,7/23/25 8:44,Yeti,TRUE,,0,0.10435947,1.75327E+12,ea5d034b02b45c37,AD,1.7.10-amb
93,7/23/25 8:45,Yeti,TRUE,,0,0.05158137,1.75327E+12,ea5d034b02b45c37,AD,1.7.10-amb
93,7/23/25 8:46,Yeti,TRUE,,0,0.028053368,1.75327E+12,ea5d034b02b45c37,AD,1.7.10-amb
93,7/23/25 8:47,Yeti,TRUE,,0,0.029375786,1.75327E+12,ea5d034b02b45c37,AD,1.7.10-amb
93,7/23/25 8:48,Yeti,TRUE,,0,0.00749869,1.75327E+12,ea5d034b02b45c37,AD,1.7.10-amb
93,7/23/25 8:49,Yeti,TRUE,,0,0.079561464,1.75327E+12,ea5d034b02b45c37,AD,1.7.10-amb
92,7/23/25 8:50,Yeti,TRUE,,0,0.08914658,1.75328E+12,ea5d034b02b45c37,AD,1.7.10-amb
92,7/23/25 8:51,Yeti,TRUE,,0,0.014224504,1.75328E+12,ea5d034b02b45c37,AD,1.7.10-amb
92,7/23/25 8:52,Yeti,TRUE,,0,0.04544701,1.75328E+12,ea5d034b02b45c37,AD,1.7.10-amb
92,7/23/25 8:53,Yeti,TRUE,,0,0.038426653,1.75328E+12,ea5d034b02b45c37,AD,1.7.10-amb
92,7/23/25 8:54,Yeti,TRUE,,0,0.08852416,1.75328E+12,ea5d034b02b45c37,AD,1.7.10-amb
92,7/23/25 8:55,Yeti,TRUE,,0,0.1971034,1.75328E+12,ea5d034b02b45c37,AD,1.7.10-amb
92,7/23/25 8:56,Yeti,TRUE,,0,0.093777925,1.75328E+12,ea5d034b02b45c37,AD,1.7.10-amb
92,7/23/25 8:57,Yeti,TRUE,,0,0.07130541,1.75328E+12,ea5d034b02b45c37,AD,1.7.10-amb
92,7/23/25 8:58,Yeti,FALSE,,0,0.091585584,1.75328E+12,ea5d034b02b45c37,AD,1.7.10-amb
92,7/23/25 8:59,Yeti,TRUE,,0,0.21659802,1.75328E+12,ea5d034b02b45c37,AD,1.7.10-amb
91,7/23/25 9:00,Yeti,TRUE,,0,0.24791571,1.75328E+12,ea5d034b02b45c37,AD,1.7.10-amb
91,7/23/25 9:01,Yeti,TRUE,,0,0.11991364,1.75328E+12,ea5d034b02b45c37,AD,1.7.10-amb
91,7/23/25 9:02,Yeti,TRUE,,0,0.012800747,1.75328E+12,ea5d034b02b45c37,AD,1.7.10-amb
91,7/23/25 9:03,Yeti,TRUE,,0,0.044754732,1.75328E+12,ea5d034b02b45c37,AD,1.7.10-amb
91,7/23/25 9:04,Yeti,TRUE,,0,0.066808425,1.75328E+12,ea5d034b02b45c37,AD,1.7.10-amb
91,7/23/25 9:05,Yeti,TRUE,,0,0.016972337,1.75328E+12,ea5d034b02b45c37,AD,1.7.10-amb
91,7/23/25 9:06,Yeti,TRUE,,0,0.075510435,1.75328E+12,ea5d034b02b45c37,AD,1.7.10-amb
91,7/23/25 9:07,Yeti,TRUE,,0,0.023584796,1.75328E+12,ea5d034b02b45c37,AD,1.7.10-amb
91,7/23/25 9:08,Yeti,TRUE,,1,0.8509656,1.75328E+12,ea5d034b02b45c37,AD,1.7.10-amb
91,7/23/25 9:09,Yeti,TRUE,,0,0.04410049,1.75328E+12,ea5d034b02b45c37,AD,1.7.10-amb
90,7/23/25 9:10,Yeti,TRUE,,0,0.039215673,1.75328E+12,ea5d034b02b45c37,AD,1.7.10-amb
90,7/23/25 9:11,Yeti,TRUE,,0,0.093338534,1.75328E+12,ea5d034b02b45c37,AD,1.7.10-amb
90,7/23/25 9:12,Yeti,TRUE,,0,0.2760287,1.75328E+12,ea5d034b02b45c37,AD,1.7.10-amb
90,7/23/25 9:13,Yeti,TRUE,,1,0.6946232,1.75328E+12,ea5d034b02b45c37,AD,1.7.10-amb
90,7/23/25 9:14,Yeti,TRUE,,0,0.27347094,1.75328E+12,ea5d034b02b45c37,AD,1.7.10-amb
90,7/23/25 9:15,Yeti,TRUE,,0,0.008298008,1.75328E+12,ea5d034b02b45c37,AD,1.7.10-amb
90,7/23/25 9:16,Yeti,TRUE,,0,0.07443098,1.75328E+12,ea5d034b02b45c37,AD,1.7.10-amb
90,7/23/25 9:17,Yeti,TRUE,,0,0.11270919,1.75328E+12,ea5d034b02b45c37,AD,1.7.10-amb
90,7/23/25 9:18,Yeti,TRUE,,0,0.030641904,1.75328E+12,ea5d034b02b45c37,AD,1.7.10-amb
90,7/23/25 9:19,Yeti,TRUE,,0,0.18585064,1.75328E+12,ea5d034b02b45c37,AD,1.7.10-amb
90,7/23/25 9:20,Yeti,TRUE,,0,0.18789886,1.75328E+12,ea5d034b02b45c37,AD,1.7.10-amb
90,7/23/25 9:21,Yeti,TRUE,,0,0.08685615,1.75328E+12,ea5d034b02b45c37,AD,1.7.10-amb
90,7/23/25 9:22,Yeti,TRUE,,0,0.47191468,1.75328E+12,ea5d034b02b45c37,AD,1.7.10-amb
90,7/23/25 9:23,Yeti,TRUE,,0,0.49813333,1.75328E+12,ea5d034b02b45c37,AD,1.7.10-amb
90,7/23/25 9:24,Yeti,TRUE,,1,0.66072583,1.75328E+12,ea5d034b02b45c37,AD,1.7.10-amb
89,7/23/25 9:25,Yeti,TRUE,,0,0.06055883,1.75328E+12,ea5d034b02b45c37,AD,1.7.10-amb
89,7/23/25 9:26,Yeti,TRUE,,1,0.7965319,1.75328E+12,ea5d034b02b45c37,AD,1.7.10-amb
89,7/23/25 9:27,Yeti,TRUE,,0,0.3884752,1.75328E+12,ea5d034b02b45c37,AD,1.7.10-amb
89,7/23/25 9:28,Yeti,TRUE,,0,0.01595949,1.75328E+12,ea5d034b02b45c37,AD,1.7.10-amb
89,7/23/25 9:29,Yeti,TRUE,,0,0.11508407,1.75328E+12,ea5d034b02b45c37,AD,1.7.10-amb
89,7/23/25 9:30,Yeti,TRUE,,0,0.037086383,1.75328E+12,ea5d034b02b45c37,AD,1.7.10-amb
89,7/23/25 9:31,Yeti,TRUE,,0,0.001216403,1.75328E+12,ea5d034b02b45c37,AD,1.7.10-amb
89,7/23/25 9:32,Yeti,TRUE,,0,0.08290093,1.75328E+12,ea5d034b02b45c37,AD,1.7.10-amb
89,7/23/25 9:33,Yeti,TRUE,,0,0.055797208,1.75328E+12,ea5d034b02b45c37,AD,1.7.10-amb
89,7/23/25 9:34,Yeti,TRUE,,0,0.075301684,1.75328E+12,ea5d034b02b45c37,AD,1.7.10-amb
89,7/23/25 9:35,Yeti,TRUE,,0,0.46644422,1.75328E+12,ea5d034b02b45c37,AD,1.7.10-amb
89,7/23/25 9:36,Yeti,TRUE,,0,0.17852531,1.75328E+12,ea5d034b02b45c37,AD,1.7.10-amb
89,7/23/25 9:37,Yeti,TRUE,,0,0.13767613,1.75328E+12,ea5d034b02b45c37,AD,1.7.10-amb
88,7/23/25 9:38,Yeti,TRUE,,1,0.5088616,1.75328E+12,ea5d034b02b45c37,AD,1.7.10-amb
88,7/23/25 9:39,Yeti,TRUE,,0,0.17520674,1.75328E+12,ea5d034b02b45c37,AD,1.7.10-amb
88,7/23/25 9:40,Yeti,TRUE,,0,0.056009904,1.75328E+12,ea5d034b02b45c37,AD,1.7.10-amb
88,7/23/25 9:41,Yeti,TRUE,,0,0.025602162,1.75328E+12,ea5d034b02b45c37,AD,1.7.10-amb
88,7/23/25 9:42,Yeti,TRUE,,1,0.7679224,1.75328E+12,ea5d034b02b45c37,AD,1.7.10-amb
88,7/23/25 9:43,Yeti,TRUE,,0,0.11566254,1.75328E+12,ea5d034b02b45c37,AD,1.7.10-amb
88,7/23/25 9:44,Yeti,TRUE,,0,0.024800144,1.75328E+12,ea5d034b02b45c37,AD,1.7.10-amb
88,7/23/25 9:45,Yeti,TRUE,,0,0.061927915,1.75328E+12,ea5d034b02b45c37,AD,1.7.10-amb
88,7/23/25 9:46,Yeti,TRUE,,0,0.15348464,1.75328E+12,ea5d034b02b45c37,AD,1.7.10-amb
88,7/23/25 9:47,Yeti,TRUE,,0,0.07218217,1.75328E+12,ea5d034b02b45c37,AD,1.7.10-amb
87,7/23/25 9:48,Yeti,TRUE,,0,0.4292172,1.75328E+12,ea5d034b02b45c37,AD,1.7.10-amb
87,7/23/25 9:49,Yeti,TRUE,,0,0.2648053,1.75328E+12,ea5d034b02b45c37,AD,1.7.10-amb
87,7/23/25 9:50,Yeti,TRUE,,0,0.4528568,1.75328E+12,ea5d034b02b45c37,AD,1.7.10-amb
87,7/23/25 9:51,Yeti,TRUE,,0,0.35484034,1.75328E+12,ea5d034b02b45c37,AD,1.7.10-amb
87,7/23/25 9:52,Yeti,TRUE,,0,0.33896896,1.75328E+12,ea5d034b02b45c37,AD,1.7.10-amb
87,7/23/25 9:53,Yeti,TRUE,,1,0.6368197,1.75328E+12,ea5d034b02b45c37,AD,1.7.10-amb
87,7/23/25 9:54,Yeti,TRUE,,0,0.22919336,1.75328E+12,ea5d034b02b45c37,AD,1.7.10-amb
87,7/23/25 9:55,Yeti,TRUE,,0,0.07755626,1.75328E+12,ea5d034b02b45c37,AD,1.7.10-amb
87,7/23/25 9:56,Yeti,TRUE,,0,0.3177036,1.75328E+12,ea5d034b02b45c37,AD,1.7.10-amb
87,7/23/25 9:57,Yeti,TRUE,,1,0.5356294,1.75328E+12,ea5d034b02b45c37,AD,1.7.10-amb
87,7/23/25 9:58,Yeti,TRUE,,0,0.31595334,1.75328E+12,ea5d034b02b45c37,AD,1.7.10-amb
87,7/23/25 9:59,Yeti,TRUE,,1,0.91928965,1.75328E+12,ea5d034b02b45c37,AD,1.7.10-amb
87,7/23/25 10:00,Yeti,TRUE,,0,0.2754173,1.75328E+12,ea5d034b02b45c37,AD,1.7.10-amb
86,7/23/25 10:01,Yeti,TRUE,,0,0.4149848,1.75328E+12,ea5d034b02b45c37,AD,1.7.10-amb
86,7/23/25 10:02,Yeti,TRUE,,0,0.10439497,1.75328E+12,ea5d034b02b45c37,AD,1.7.10-amb
86,7/23/25 10:03,Yeti,TRUE,,0,0.19945063,1.75328E+12,ea5d034b02b45c37,AD,1.7.10-amb
86,7/23/25 10:04,Yeti,TRUE,,1,0.98497933,1.75328E+12,ea5d034b02b45c37,AD,1.7.10-amb
86,7/23/25 10:05,Yeti,TRUE,,0,0.1905705,1.75328E+12,ea5d034b02b45c37,AD,1.7.10-amb
86,7/23/25 10:06,Yeti,TRUE,,1,0.90081114,1.75328E+12,ea5d034b02b45c37,AD,1.7.10-amb
86,7/23/25 10:07,Yeti,TRUE,,0,0.2570234,1.75328E+12,ea5d034b02b45c37,AD,1.7.10-amb
86,7/23/25 10:08,Yeti,FALSE,,0,0.49891105,1.75328E+12,ea5d034b02b45c37,AD,1.7.10-amb
86,7/23/25 10:09,Yeti,TRUE,,0,0.48784775,1.75328E+12,ea5d034b02b45c37,AD,1.7.10-amb
86,7/23/25 10:10,Yeti,TRUE,,0,0.22884998,1.75328E+12,ea5d034b02b45c37,AD,1.7.10-amb
86,7/23/25 10:11,Yeti,TRUE,,0,0.40810966,1.75328E+12,ea5d034b02b45c37,AD,1.7.10-amb
85,7/23/25 10:12,Yeti,TRUE,,0,0.40076762,1.75328E+12,ea5d034b02b45c37,AD,1.7.10-amb
85,7/23/25 10:13,Yeti,TRUE,,0,0.26287243,1.75328E+12,ea5d034b02b45c37,AD,1.7.10-amb
85,7/23/25 10:14,Yeti,TRUE,,1,0.8604357,1.75328E+12,ea5d034b02b45c37,AD,1.7.10-amb
85,7/23/25 10:15,Yeti,TRUE,,1,0.7544998,1.75328E+12,ea5d034b02b45c37,AD,1.7.10-amb
85,7/23/25 10:16,Yeti,TRUE,,1,0.9755989,1.75328E+12,ea5d034b02b45c37,AD,1.7.10-amb
85,7/23/25 10:17,Yeti,TRUE,,1,0.70929873,1.75328E+12,ea5d034b02b45c37,AD,1.7.10-amb
85,7/23/25 10:18,Yeti,TRUE,,1,0.56505877,1.75328E+12,ea5d034b02b45c37,AD,1.7.10-amb
85,7/23/25 10:19,Yeti,FALSE,,0,0.042403385,1.75328E+12,ea5d034b02b45c37,AD,1.7.10-amb
85,7/23/25 10:20,Yeti,FALSE,,0,0.09275296,1.75328E+12,ea5d034b02b45c37,AD,1.7.10-amb
84,7/23/25 10:21,Yeti,TRUE,,1,0.98947525,1.75328E+12,ea5d034b02b45c37,AD,1.7.10-amb
84,7/23/25 10:22,Yeti,TRUE,,1,0.9786224,1.75328E+12,ea5d034b02b45c37,AD,1.7.10-amb
84,7/23/25 10:23,Yeti,TRUE,,1,0.8568159,1.75328E+12,ea5d034b02b45c37,AD,1.7.10-amb
84,7/23/25 10:24,Yeti,TRUE,,1,0.9245759,1.75328E+12,ea5d034b02b45c37,AD,1.7.10-amb
84,7/23/25 10:25,Yeti,TRUE,,1,0.9817717,1.75328E+12,ea5d034b02b45c37,AD,1.7.10-amb
84,7/23/25 10:26,Yeti,TRUE,,1,0.9880773,1.75328E+12,ea5d034b02b45c37,AD,1.7.10-amb
84,7/23/25 10:27,Yeti,TRUE,,0,0.072540656,1.75328E+12,ea5d034b02b45c37,AD,1.7.10-amb
84,7/23/25 10:28,Yeti,TRUE,,0,0.029786306,1.75328E+12,ea5d034b02b45c37,AD,1.7.10-amb
84,7/23/25 10:29,Yeti,TRUE,,0,0.05272228,1.75328E+12,ea5d034b02b45c37,AD,1.7.10-amb
84,7/23/25 10:30,Yeti,TRUE,,0,0.06331715,1.75328E+12,ea5d034b02b45c37,AD,1.7.10-amb
84,7/23/25 10:31,Yeti,TRUE,,1,0.62557817,1.75328E+12,ea5d034b02b45c37,AD,1.7.10-amb
83,7/23/25 10:32,Yeti,TRUE,,0,0.19120632,1.75328E+12,ea5d034b02b45c37,AD,1.7.10-amb
83,7/23/25 10:33,Yeti,TRUE,,1,0.5123688,1.75328E+12,ea5d034b02b45c37,AD,1.7.10-amb
83,7/23/25 10:34,Yeti,TRUE,,0,0.0841927,1.75328E+12,ea5d034b02b45c37,AD,1.7.10-amb
83,7/23/25 10:35,Yeti,TRUE,,0,0.13078243,1.75328E+12,ea5d034b02b45c37,AD,1.7.10-amb
83,7/23/25 10:36,Yeti,TRUE,,0,0.029222356,1.75328E+12,ea5d034b02b45c37,AD,1.7.10-amb
83,7/23/25 10:37,Yeti,TRUE,,0,0.09833399,1.75328E+12,ea5d034b02b45c37,AD,1.7.10-amb
83,7/23/25 10:38,Yeti,TRUE,,0,0.07549495,1.75328E+12,ea5d034b02b45c37,AD,1.7.10-amb
83,7/23/25 10:39,Yeti,TRUE,,1,0.99777323,1.75328E+12,ea5d034b02b45c37,AD,1.7.10-amb
83,7/23/25 10:40,Yeti,TRUE,,1,0.9992499,1.75328E+12,ea5d034b02b45c37,AD,1.7.10-amb
83,7/23/25 10:41,Yeti,TRUE,,1,0.5202881,1.75328E+12,ea5d034b02b45c37,AD,1.7.10-amb
83,7/23/25 10:42,Yeti,TRUE,,0,0.11393925,1.75328E+12,ea5d034b02b45c37,AD,1.7.10-amb
83,7/23/25 10:43,Yeti,TRUE,,1,0.6716683,1.75328E+12,ea5d034b02b45c37,AD,1.7.10-amb
83,7/23/25 10:44,Yeti,FALSE,,1,0.80274385,1.75328E+12,ea5d034b02b45c37,AD,1.7.10-amb
82,7/23/25 10:45,Yeti,FALSE,,1,0.87304103,1.75328E+12,ea5d034b02b45c37,AD,1.7.10-amb
82,7/23/25 10:46,Yeti,FALSE,,1,0.9984049,1.75328E+12,ea5d034b02b45c37,AD,1.7.10-amb
82,7/23/25 10:47,Yeti,FALSE,,0,0.12098537,1.75328E+12,ea5d034b02b45c37,AD,1.7.10-amb
82,7/23/25 10:48,Yeti,FALSE,,0,0.14956969,1.75328E+12,ea5d034b02b45c37,AD,1.7.10-amb
82,7/23/25 10:49,Yeti,FALSE,,0,0.17454538,1.75328E+12,ea5d034b02b45c37,AD,1.7.10-amb
82,7/23/25 10:50,Yeti,FALSE,,0,0.09238402,1.75328E+12,ea5d034b02b45c37,AD,1.7.10-amb
82,7/23/25 10:51,Yeti,FALSE,,0,0.15356977,1.75328E+12,ea5d034b02b45c37,AD,1.7.10-amb
82,7/23/25 10:52,Yeti,FALSE,,0,0.2907027,1.75328E+12,ea5d034b02b45c37,AD,1.7.10-amb
82,7/23/25 10:53,Yeti,FALSE,,0,0.06847533,1.75328E+12,ea5d034b02b45c37,AD,1.7.10-amb
82,7/23/25 10:54,Yeti,FALSE,,0,0.09466241,1.75328E+12,ea5d034b02b45c37,AD,1.7.10-amb
82,7/23/25 10:55,Yeti,FALSE,,0,0.04745057,1.75328E+12,ea5d034b02b45c37,AD,1.7.10-amb
81,7/23/25 10:56,Yeti,FALSE,,0,0.07162778,1.75328E+12,ea5d034b02b45c37,AD,1.7.10-amb
81,7/23/25 10:57,Yeti,FALSE,,0,0.11425897,1.75328E+12,ea5d034b02b45c37,AD,1.7.10-amb
81,7/23/25 10:58,Yeti,FALSE,,0,0.068168655,1.75328E+12,ea5d034b02b45c37,AD,1.7.10-amb
81,7/23/25 10:59,Yeti,FALSE,,0,0.06313785,1.75328E+12,ea5d034b02b45c37,AD,1.7.10-amb
81,7/23/25 11:00,Yeti,FALSE,,0,0.10958701,1.75328E+12,ea5d034b02b45c37,AD,1.7.10-amb
81,7/23/25 11:01,Yeti,FALSE,,0,0.097658925,1.75328E+12,ea5d034b02b45c37,AD,1.7.10-amb
81,7/23/25 11:02,Yeti,FALSE,,0,0.13853294,1.75328E+12,ea5d034b02b45c37,AD,1.7.10-amb
81,7/23/25 11:03,Yeti,FALSE,,0,0.08375362,1.75328E+12,ea5d034b02b45c37,AD,1.7.10-amb
81,7/23/25 11:04,Yeti,FALSE,,0,0.11168892,1.75328E+12,ea5d034b02b45c37,AD,1.7.10-amb
81,7/23/25 11:05,Yeti,FALSE,,0,0.05014962,1.75328E+12,ea5d034b02b45c37,AD,1.7.10-amb
81,7/23/25 11:06,Yeti,FALSE,,0,0.11597362,1.75328E+12,ea5d034b02b45c37,AD,1.7.10-amb
80,7/23/25 11:07,Yeti,FALSE,,0,0.113622546,1.75328E+12,ea5d034b02b45c37,AD,1.7.10-amb
80,7/23/25 11:08,Yeti,FALSE,,0,0.1056707,1.75328E+12,ea5d034b02b45c37,AD,1.7.10-amb
80,7/23/25 11:09,Yeti,FALSE,,0,0.11903345,1.75328E+12,ea5d034b02b45c37,AD,1.7.10-amb
80,7/23/25 11:10,Yeti,FALSE,,0,0.085672446,1.75328E+12,ea5d034b02b45c37,AD,1.7.10-amb
80,7/23/25 11:11,Yeti,FALSE,,0,0.10086292,1.75328E+12,ea5d034b02b45c37,AD,1.7.10-amb
80,7/23/25 11:12,Yeti,FALSE,,1,0.96008354,1.75328E+12,ea5d034b02b45c37,AD,1.7.10-amb
80,7/23/25 11:13,Yeti,FALSE,,1,0.51985663,1.75328E+12,ea5d034b02b45c37,AD,1.7.10-amb
80,7/23/25 11:14,Yeti,FALSE,,1,0.58119076,1.75328E+12,ea5d034b02b45c37,AD,1.7.10-amb
80,7/23/25 11:15,Yeti,FALSE,,0,0.25556505,1.75328E+12,ea5d034b02b45c37,AD,1.7.10-amb
80,7/23/25 11:16,Yeti,FALSE,,0,0.08072322,1.75328E+12,ea5d034b02b45c37,AD,1.7.10-amb
79,7/23/25 11:17,Yeti,FALSE,,0,0.07611198,1.75328E+12,ea5d034b02b45c37,AD,1.7.10-amb
79,7/23/25 11:18,Yeti,FALSE,,0,0.16135147,1.75328E+12,ea5d034b02b45c37,AD,1.7.10-amb
79,7/23/25 11:19,Yeti,FALSE,,1,0.9952898,1.75328E+12,ea5d034b02b45c37,AD,1.7.10-amb
79,7/23/25 11:20,Yeti,FALSE,,1,0.99707115,1.75328E+12,ea5d034b02b45c37,AD,1.7.10-amb
79,7/23/25 11:21,Yeti,FALSE,,1,0.81743854,1.75328E+12,ea5d034b02b45c37,AD,1.7.10-amb
79,7/23/25 11:22,Yeti,FALSE,,1,0.9624734,1.75328E+12,ea5d034b02b45c37,AD,1.7.10-amb
79,7/23/25 11:23,Yeti,FALSE,,1,0.86413777,1.75328E+12,ea5d034b02b45c37,AD,1.7.10-amb
79,7/23/25 11:24,Yeti,FALSE,,0,0.17940494,1.75328E+12,ea5d034b02b45c37,AD,1.7.10-amb
79,7/23/25 11:25,Yeti,FALSE,,1,0.86589473,1.75328E+12,ea5d034b02b45c37,AD,1.7.10-amb
79,7/23/25 11:26,Yeti,TRUE,,0,0.12538627,1.75328E+12,ea5d034b02b45c37,AD,1.7.10-amb
79,7/23/25 11:27,Yeti,TRUE,,0,0.21735376,1.75328E+12,ea5d034b02b45c37,AD,1.7.10-amb
78,7/23/25 11:28,Yeti,TRUE,,0,0.16351148,1.75328E+12,ea5d034b02b45c37,AD,1.7.10-amb
78,7/23/25 11:29,Yeti,TRUE,,0,0.08321122,1.75328E+12,ea5d034b02b45c37,AD,1.7.10-amb
78,7/23/25 11:30,Yeti,TRUE,,0,0.081054755,1.75328E+12,ea5d034b02b45c37,AD,1.7.10-amb
78,7/23/25 11:31,Yeti,TRUE,,0,0.110183455,1.75328E+12,ea5d034b02b45c37,AD,1.7.10-amb
78,7/23/25 11:32,Yeti,TRUE,,0,0.08447671,1.75328E+12,ea5d034b02b45c37,AD,1.7.10-amb
78,7/23/25 11:33,Yeti,TRUE,,0,0.0863737,1.75328E+12,ea5d034b02b45c37,AD,1.7.10-amb
78,7/23/25 11:34,Yeti,TRUE,,0,0.03556716,1.75328E+12,ea5d034b02b45c37,AD,1.7.10-amb
78,7/23/25 11:35,Yeti,TRUE,,0,0.12118261,1.75328E+12,ea5d034b02b45c37,AD,1.7.10-amb
78,7/23/25 11:36,Yeti,TRUE,,0,0.06968076,1.75328E+12,ea5d034b02b45c37,AD,1.7.10-amb
78,7/23/25 11:37,Yeti,TRUE,,0,0.22950602,1.75329E+12,ea5d034b02b45c37,AD,1.7.10-amb
78,7/23/25 11:38,Yeti,TRUE,,0,0.057342283,1.75329E+12,ea5d034b02b45c37,AD,1.7.10-amb
77,7/23/25 11:39,Yeti,TRUE,,0,0.05137822,1.75329E+12,ea5d034b02b45c37,AD,1.7.10-amb
77,7/23/25 11:40,Yeti,TRUE,,1,0.9417978,1.75329E+12,ea5d034b02b45c37,AD,1.7.10-amb
77,7/23/25 11:41,Yeti,TRUE,,1,0.7882152,1.75329E+12,ea5d034b02b45c37,AD,1.7.10-amb
77,7/23/25 11:42,Yeti,TRUE,,0,0.4361768,1.75329E+12,ea5d034b02b45c37,AD,1.7.10-amb
77,7/23/25 11:43,Yeti,TRUE,,1,0.8906497,1.75329E+12,ea5d034b02b45c37,AD,1.7.10-amb
77,7/23/25 11:44,Yeti,TRUE,,1,0.9821436,1.75329E+12,ea5d034b02b45c37,AD,1.7.10-amb
77,7/23/25 11:45,Yeti,TRUE,,0,0.30255964,1.75329E+12,ea5d034b02b45c37,AD,1.7.10-amb
77,7/23/25 11:46,Yeti,TRUE,,1,0.81841314,1.75329E+12,ea5d034b02b45c37,AD,1.7.10-amb
77,7/23/25 11:47,Yeti,TRUE,,1,0.7487807,1.75329E+12,ea5d034b02b45c37,AD,1.7.10-amb
77,7/23/25 11:48,Yeti,TRUE,,1,0.71677125,1.75329E+12,ea5d034b02b45c37,AD,1.7.10-amb
77,7/23/25 11:49,Yeti,TRUE,,1,0.9434274,1.75329E+12,ea5d034b02b45c37,AD,1.7.10-amb
76,7/23/25 11:50,Yeti,TRUE,,1,0.8115768,1.75329E+12,ea5d034b02b45c37,AD,1.7.10-amb
76,7/23/25 11:51,Yeti,TRUE,,1,0.92329097,1.75329E+12,ea5d034b02b45c37,AD,1.7.10-amb
76,7/23/25 11:52,Yeti,TRUE,,1,0.59263444,1.75329E+12,ea5d034b02b45c37,AD,1.7.10-amb
76,7/23/25 11:53,Yeti,TRUE,,1,0.93322545,1.75329E+12,ea5d034b02b45c37,AD,1.7.10-amb
76,7/23/25 11:54,Yeti,TRUE,,1,0.6478735,1.75329E+12,ea5d034b02b45c37,AD,1.7.10-amb
76,7/23/25 11:55,Yeti,TRUE,,1,0.9512413,1.75329E+12,ea5d034b02b45c37,AD,1.7.10-amb
76,7/23/25 11:56,Yeti,TRUE,,1,0.9657886,1.75329E+12,ea5d034b02b45c37,AD,1.7.10-amb
76,7/23/25 11:57,Yeti,TRUE,,1,0.7069903,1.75329E+12,ea5d034b02b45c37,AD,1.7.10-amb
76,7/23/25 11:58,Yeti,TRUE,,1,0.9393127,1.75329E+12,ea5d034b02b45c37,AD,1.7.10-amb
76,7/23/25 11:59,Yeti,TRUE,,1,0.88355666,1.75329E+12,ea5d034b02b45c37,AD,1.7.10-amb
75,7/23/25 12:00,Yeti,TRUE,,1,0.85655105,1.75329E+12,ea5d034b02b45c37,AD,1.7.10-amb
75,7/23/25 12:01,Yeti,TRUE,,1,0.90963966,1.75329E+12,ea5d034b02b45c37,AD,1.7.10-amb
75,7/23/25 12:02,Yeti,TRUE,,1,0.971411,1.75329E+12,ea5d034b02b45c37,AD,1.7.10-amb
75,7/23/25 12:03,Yeti,TRUE,,1,0.9856771,1.75329E+12,ea5d034b02b45c37,AD,1.7.10-amb
75,7/23/25 12:04,Yeti,TRUE,,0,0.39474803,1.75329E+12,ea5d034b02b45c37,AD,1.7.10-amb
75,7/23/25 12:05,Yeti,TRUE,,1,0.9936526,1.75329E+12,ea5d034b02b45c37,AD,1.7.10-amb
75,7/23/25 12:06,Yeti,TRUE,,1,0.9960984,1.75329E+12,ea5d034b02b45c37,AD,1.7.10-amb
75,7/23/25 12:07,Yeti,TRUE,,1,0.9983777,1.75329E+12,ea5d034b02b45c37,AD,1.7.10-amb
75,7/23/25 12:08,Yeti,TRUE,,1,0.996327,1.75329E+12,ea5d034b02b45c37,AD,1.7.10-amb
75,7/23/25 12:09,Yeti,TRUE,,1,0.99780244,1.75329E+12,ea5d034b02b45c37,AD,1.7.10-amb
74,7/23/25 12:10,Yeti,TRUE,,1,0.9977344,1.75329E+12,ea5d034b02b45c37,AD,1.7.10-amb
74,7/23/25 12:11,Yeti,TRUE,,1,0.9867041,1.75329E+12,ea5d034b02b45c37,AD,1.7.10-amb
74,7/23/25 12:12,Yeti,TRUE,,1,0.9898491,1.75329E+12,ea5d034b02b45c37,AD,1.7.10-amb
74,7/23/25 12:13,Yeti,TRUE,,1,0.99822634,1.75329E+12,ea5d034b02b45c37,AD,1.7.10-amb
74,7/23/25 12:14,Yeti,TRUE,,1,0.99734265,1.75329E+12,ea5d034b02b45c37,AD,1.7.10-amb
74,7/23/25 12:15,Yeti,TRUE,,1,0.9939399,1.75329E+12,ea5d034b02b45c37,AD,1.7.10-amb
74,7/23/25 12:16,Yeti,TRUE,,1,0.99706143,1.75329E+12,ea5d034b02b45c37,AD,1.7.10-amb
74,7/23/25 12:17,Yeti,TRUE,,1,0.97358227,1.75329E+12,ea5d034b02b45c37,AD,1.7.10-amb
74,7/23/25 12:18,Yeti,TRUE,,1,0.98605263,1.75329E+12,ea5d034b02b45c37,AD,1.7.10-amb
74,7/23/25 12:19,Yeti,TRUE,,1,0.9968257,1.75329E+12,ea5d034b02b45c37,AD,1.7.10-amb
73,7/23/25 12:20,Yeti,TRUE,,1,0.99299365,1.75329E+12,ea5d034b02b45c37,AD,1.7.10-amb
73,7/23/25 12:21,Yeti,TRUE,,1,0.99824727,1.75329E+12,ea5d034b02b45c37,AD,1.7.10-amb
73,7/23/25 12:22,Yeti,TRUE,,1,0.98697764,1.75329E+12,ea5d034b02b45c37,AD,1.7.10-amb
73,7/23/25 12:23,Yeti,FALSE,,1,0.9953831,1.75329E+12,ea5d034b02b45c37,AD,1.7.10-amb
73,7/23/25 12:24,Yeti,TRUE,,1,0.97489107,1.75329E+12,ea5d034b02b45c37,AD,1.7.10-amb
73,7/23/25 12:25,Yeti,FALSE,,1,0.97922933,1.75329E+12,ea5d034b02b45c37,AD,1.7.10-amb
73,7/23/25 12:26,Yeti,FALSE,,1,0.9939108,1.75329E+12,ea5d034b02b45c37,AD,1.7.10-amb
73,7/23/25 12:27,Yeti,TRUE,,1,0.96005213,1.75329E+12,ea5d034b02b45c37,AD,1.7.10-amb
72,7/23/25 12:28,Yeti,TRUE,,1,0.9935916,1.75329E+12,ea5d034b02b45c37,AD,1.7.10-amb
72,7/23/25 12:29,Yeti,TRUE,,1,0.974736,1.75329E+12,ea5d034b02b45c37,AD,1.7.10-amb
72,7/23/25 12:30,Yeti,TRUE,,1,0.96609426,1.75329E+12,ea5d034b02b45c37,AD,1.7.10-amb
72,7/23/25 12:31,Yeti,FALSE,,1,0.9953982,1.75329E+12,ea5d034b02b45c37,AD,1.7.10-amb
72,7/23/25 12:32,Yeti,FALSE,,1,0.977792,1.75329E+12,ea5d034b02b45c37,AD,1.7.10-amb
72,7/23/25 12:33,Yeti,TRUE,,1,0.989609,1.75329E+12,ea5d034b02b45c37,AD,1.7.10-amb
72,7/23/25 12:34,Yeti,TRUE,,1,0.98562974,1.75329E+12,ea5d034b02b45c37,AD,1.7.10-amb
72,7/23/25 12:35,Yeti,TRUE,,1,0.97285616,1.75329E+12,ea5d034b02b45c37,AD,1.7.10-amb
72,7/23/25 12:36,Yeti,TRUE,,1,0.97845685,1.75329E+12,ea5d034b02b45c37,AD,1.7.10-amb
71,7/23/25 12:37,Yeti,TRUE,,1,0.9953029,1.75329E+12,ea5d034b02b45c37,AD,1.7.10-amb
71,7/23/25 12:38,Yeti,TRUE,,1,0.99302423,1.75329E+12,ea5d034b02b45c37,AD,1.7.10-amb
71,7/23/25 12:39,Yeti,TRUE,,1,0.9841181,1.75329E+12,ea5d034b02b45c37,AD,1.7.10-amb
71,7/23/25 12:40,Yeti,TRUE,,1,0.9950572,1.75329E+12,ea5d034b02b45c37,AD,1.7.10-amb
71,7/23/25 12:41,Yeti,TRUE,,1,0.9749841,1.75329E+12,ea5d034b02b45c37,AD,1.7.10-amb
71,7/23/25 12:42,Yeti,TRUE,,1,0.982512,1.75329E+12,ea5d034b02b45c37,AD,1.7.10-amb
71,7/23/25 12:43,Yeti,FALSE,,1,0.98828375,1.75329E+12,ea5d034b02b45c37,AD,1.7.10-amb
71,7/23/25 12:44,Yeti,TRUE,,1,0.991236,1.75329E+12,ea5d034b02b45c37,AD,1.7.10-amb
71,7/23/25 12:45,Yeti,TRUE,,1,0.93734723,1.75329E+12,ea5d034b02b45c37,AD,1.7.10-amb
70,7/23/25 12:46,Yeti,TRUE,,1,0.98563856,1.75329E+12,ea5d034b02b45c37,AD,1.7.10-amb
70,7/23/25 12:47,Yeti,TRUE,,1,0.9741737,1.75329E+12,ea5d034b02b45c37,AD,1.7.10-amb
70,7/23/25 12:48,Yeti,TRUE,,1,0.9024375,1.75329E+12,ea5d034b02b45c37,AD,1.7.10-amb
70,7/23/25 12:49,Yeti,TRUE,,1,0.8498718,1.75329E+12,ea5d034b02b45c37,AD,1.7.10-amb
70,7/23/25 12:50,Yeti,TRUE,,1,0.514481,1.75329E+12,ea5d034b02b45c37,AD,1.7.10-amb
70,7/23/25 12:51,Yeti,TRUE,,1,0.88413596,1.75329E+12,ea5d034b02b45c37,AD,1.7.10-amb
70,7/23/25 12:52,Yeti,TRUE,,0,0.45623794,1.75329E+12,ea5d034b02b45c37,AD,1.7.10-amb
70,7/23/25 12:53,Yeti,TRUE,,1,0.6520079,1.75329E+12,ea5d034b02b45c37,AD,1.7.10-amb
70,7/23/25 12:54,Yeti,TRUE,,0,0.37763566,1.75329E+12,ea5d034b02b45c37,AD,1.7.10-amb
70,7/23/25 12:55,Yeti,TRUE,,1,0.7838418,1.75329E+12,ea5d034b02b45c37,AD,1.7.10-amb
70,7/23/25 12:56,Yeti,TRUE,,0,0.45508367,1.75329E+12,ea5d034b02b45c37,AD,1.7.10-amb
70,7/23/25 12:57,Yeti,TRUE,,1,0.69680786,1.75329E+12,ea5d034b02b45c37,AD,1.7.10-amb
69,7/23/25 12:58,Yeti,TRUE,,1,0.8234026,1.75329E+12,ea5d034b02b45c37,AD,1.7.10-amb
69,7/23/25 12:59,Yeti,TRUE,,1,0.8971108,1.75329E+12,ea5d034b02b45c37,AD,1.7.10-amb
69,7/23/25 13:00,Yeti,TRUE,,1,0.6758367,1.75329E+12,ea5d034b02b45c37,AD,1.7.10-amb
69,7/23/25 13:01,Yeti,TRUE,,1,0.6953075,1.75329E+12,ea5d034b02b45c37,AD,1.7.10-amb
69,7/23/25 13:02,Yeti,TRUE,,1,0.98554844,1.75329E+12,ea5d034b02b45c37,AD,1.7.10-amb
69,7/23/25 13:03,Yeti,TRUE,,1,0.98620623,1.75329E+12,ea5d034b02b45c37,AD,1.7.10-amb
69,7/23/25 13:04,Yeti,TRUE,,1,0.96782315,1.75329E+12,ea5d034b02b45c37,AD,1.7.10-amb
69,7/23/25 13:05,Yeti,TRUE,,1,0.9854316,1.75329E+12,ea5d034b02b45c37,AD,1.7.10-amb
69,7/23/25 13:06,Yeti,TRUE,,1,0.95468545,1.75329E+12,ea5d034b02b45c37,AD,1.7.10-amb
68,7/23/25 13:07,Yeti,TRUE,,1,0.9801948,1.75329E+12,ea5d034b02b45c37,AD,1.7.10-amb
68,7/23/25 13:08,Yeti,TRUE,,1,0.85501736,1.75329E+12,ea5d034b02b45c37,AD,1.7.10-amb
68,7/23/25 13:09,Yeti,TRUE,,0,0.3019656,1.75329E+12,ea5d034b02b45c37,AD,1.7.10-amb
68,7/23/25 13:10,Yeti,TRUE,,1,0.89691657,1.75329E+12,ea5d034b02b45c37,AD,1.7.10-amb
68,7/23/25 13:11,Yeti,TRUE,,0,0.39660057,1.75329E+12,ea5d034b02b45c37,AD,1.7.10-amb
68,7/23/25 13:12,Yeti,TRUE,,0,0.217196,1.75329E+12,ea5d034b02b45c37,AD,1.7.10-amb
68,7/23/25 13:13,Yeti,TRUE,,1,0.8704454,1.75329E+12,ea5d034b02b45c37,AD,1.7.10-amb
68,7/23/25 13:14,Yeti,TRUE,,1,0.78877974,1.75329E+12,ea5d034b02b45c37,AD,1.7.10-amb
68,7/23/25 13:15,Yeti,TRUE,,1,0.7211679,1.75329E+12,ea5d034b02b45c37,AD,1.7.10-amb
67,7/23/25 13:16,Yeti,TRUE,,1,0.9297773,1.75329E+12,ea5d034b02b45c37,AD,1.7.10-amb
67,7/23/25 13:17,Yeti,TRUE,,1,0.9523213,1.75329E+12,ea5d034b02b45c37,AD,1.7.10-amb
67,7/23/25 13:18,Yeti,TRUE,,1,0.9464864,1.75329E+12,ea5d034b02b45c37,AD,1.7.10-amb
67,7/23/25 13:19,Yeti,TRUE,,1,0.98263067,1.75329E+12,ea5d034b02b45c37,AD,1.7.10-amb
67,7/23/25 13:20,Yeti,TRUE,,1,0.7568786,1.75329E+12,ea5d034b02b45c37,AD,1.7.10-amb
67,7/23/25 13:21,Yeti,TRUE,,0,0.34459686,1.75329E+12,ea5d034b02b45c37,AD,1.7.10-amb
67,7/23/25 13:22,Yeti,TRUE,,0,0.27885282,1.75329E+12,ea5d034b02b45c37,AD,1.7.10-amb
66,7/23/25 13:23,Yeti,TRUE,,0,0.35905913,1.75329E+12,ea5d034b02b45c37,AD,1.7.10-amb
66,7/23/25 13:24,Yeti,TRUE,,0,0.48220274,1.75329E+12,ea5d034b02b45c37,AD,1.7.10-amb
66,7/23/25 13:25,Yeti,TRUE,,0,0.25258863,1.75329E+12,ea5d034b02b45c37,AD,1.7.10-amb
66,7/23/25 13:26,Yeti,TRUE,,0,0.26689664,1.75329E+12,ea5d034b02b45c37,AD,1.7.10-amb
66,7/23/25 13:27,Yeti,TRUE,,0,0.34103802,1.75329E+12,ea5d034b02b45c37,AD,1.7.10-amb
66,7/23/25 13:28,Yeti,TRUE,,0,0.44885597,1.75329E+12,ea5d034b02b45c37,AD,1.7.10-amb
66,7/23/25 13:29,Yeti,TRUE,,0,0.43079406,1.75329E+12,ea5d034b02b45c37,AD,1.7.10-amb
66,7/23/25 13:30,Yeti,TRUE,,0,0.41219482,1.75329E+12,ea5d034b02b45c37,AD,1.7.10-amb
66,7/23/25 13:31,Yeti,TRUE,,1,0.8648619,1.75329E+12,ea5d034b02b45c37,AD,1.7.10-amb
66,7/23/25 13:32,Yeti,TRUE,,1,0.80370367,1.75329E+12,ea5d034b02b45c37,AD,1.7.10-amb
65,7/23/25 13:33,Yeti,TRUE,,0,0.4686937,1.75329E+12,ea5d034b02b45c37,AD,1.7.10-amb
65,7/23/25 13:34,Yeti,TRUE,,1,0.881039,1.75329E+12,ea5d034b02b45c37,AD,1.7.10-amb
65,7/23/25 13:35,Yeti,TRUE,,1,0.9786386,1.75329E+12,ea5d034b02b45c37,AD,1.7.10-amb
65,7/23/25 13:36,Yeti,TRUE,,1,0.9724885,1.75329E+12,ea5d034b02b45c37,AD,1.7.10-amb
65,7/23/25 13:37,Yeti,TRUE,,1,0.7091916,1.75329E+12,ea5d034b02b45c37,AD,1.7.10-amb
65,7/23/25 13:38,Yeti,TRUE,,1,0.9794135,1.75329E+12,ea5d034b02b45c37,AD,1.7.10-amb
65,7/23/25 13:39,Yeti,TRUE,,1,0.50950986,1.75329E+12,ea5d034b02b45c37,AD,1.7.10-amb
65,7/23/25 13:40,Yeti,TRUE,,1,0.55213255,1.75329E+12,ea5d034b02b45c37,AD,1.7.10-amb
65,7/23/25 13:41,Yeti,TRUE,,1,0.7778574,1.75329E+12,ea5d034b02b45c37,AD,1.7.10-amb
65,7/23/25 13:42,Yeti,TRUE,,1,0.90683997,1.75329E+12,ea5d034b02b45c37,AD,1.7.10-amb
64,7/23/25 13:43,Yeti,TRUE,,1,0.9654385,1.75329E+12,ea5d034b02b45c37,AD,1.7.10-amb
64,7/23/25 13:44,Yeti,TRUE,,1,0.8016743,1.75329E+12,ea5d034b02b45c37,AD,1.7.10-amb
64,7/23/25 13:45,Yeti,TRUE,,0,0.42928198,1.75329E+12,ea5d034b02b45c37,AD,1.7.10-amb
64,7/23/25 13:46,Yeti,TRUE,,0,0.35908586,1.75329E+12,ea5d034b02b45c37,AD,1.7.10-amb
64,7/23/25 13:47,Yeti,TRUE,,0,0.38100174,1.75329E+12,ea5d034b02b45c37,AD,1.7.10-amb
64,7/23/25 13:48,Yeti,TRUE,,1,0.96237457,1.75329E+12,ea5d034b02b45c37,AD,1.7.10-amb
64,7/23/25 13:49,Yeti,TRUE,,1,0.6257088,1.75329E+12,ea5d034b02b45c37,AD,1.7.10-amb
63,7/23/25 13:50,Yeti,TRUE,,1,0.50748277,1.75329E+12,ea5d034b02b45c37,AD,1.7.10-amb
63,7/23/25 13:51,Yeti,TRUE,,0,0.049006958,1.75329E+12,ea5d034b02b45c37,AD,1.7.10-amb
63,7/23/25 13:52,Yeti,TRUE,,0,0.25553682,1.75329E+12,ea5d034b02b45c37,AD,1.7.10-amb
63,7/23/25 13:53,Yeti,TRUE,,1,0.90764445,1.75329E+12,ea5d034b02b45c37,AD,1.7.10-amb
63,7/23/25 13:54,Yeti,TRUE,,0,0.07755531,1.75329E+12,ea5d034b02b45c37,AD,1.7.10-amb
63,7/23/25 13:55,Yeti,TRUE,,1,0.9950039,1.75329E+12,ea5d034b02b45c37,AD,1.7.10-amb
63,7/23/25 13:56,Yeti,TRUE,,0,0.00107195,1.75329E+12,ea5d034b02b45c37,AD,1.7.10-amb
63,7/23/25 13:57,Yeti,TRUE,,0,0.000606823,1.75329E+12,ea5d034b02b45c37,AD,1.7.10-amb
63,7/23/25 13:58,Yeti,TRUE,,0,0.000875277,1.75329E+12,ea5d034b02b45c37,AD,1.7.10-amb
62,7/23/25 13:59,Yeti,TRUE,,0,0.000395502,1.75329E+12,ea5d034b02b45c37,AD,1.7.10-amb
62,7/23/25 14:00,Yeti,TRUE,,1,0.9925712,1.75329E+12,ea5d034b02b45c37,AD,1.7.10-amb
62,7/23/25 14:01,Yeti,TRUE,,1,0.99133646,1.75329E+12,ea5d034b02b45c37,AD,1.7.10-amb
62,7/23/25 14:02,Yeti,TRUE,,1,0.9681415,1.75329E+12,ea5d034b02b45c37,AD,1.7.10-amb
62,7/23/25 14:03,Yeti,TRUE,,1,0.96505064,1.75329E+12,ea5d034b02b45c37,AD,1.7.10-amb
62,7/23/25 14:04,Yeti,TRUE,,1,0.97085136,1.75329E+12,ea5d034b02b45c37,AD,1.7.10-amb
62,7/23/25 14:05,Yeti,TRUE,,1,0.9452602,1.75329E+12,ea5d034b02b45c37,AD,1.7.10-amb
62,7/23/25 14:06,Yeti,TRUE,,1,0.96322376,1.75329E+12,ea5d034b02b45c37,AD,1.7.10-amb
62,7/23/25 14:07,Yeti,TRUE,,1,0.7807695,1.75329E+12,ea5d034b02b45c37,AD,1.7.10-amb
62,7/23/25 14:08,Yeti,TRUE,,1,0.8985377,1.75329E+12,ea5d034b02b45c37,AD,1.7.10-amb
62,7/23/25 14:09,Yeti,TRUE,,1,0.9900181,1.75329E+12,ea5d034b02b45c37,AD,1.7.10-amb
61,7/23/25 14:10,Yeti,TRUE,,1,0.8859642,1.75329E+12,ea5d034b02b45c37,AD,1.7.10-amb
61,7/23/25 14:11,Yeti,TRUE,,1,0.92917144,1.75329E+12,ea5d034b02b45c37,AD,1.7.10-amb
61,7/23/25 14:12,Yeti,TRUE,,1,0.7581311,1.75329E+12,ea5d034b02b45c37,AD,1.7.10-amb
61,7/23/25 14:13,Yeti,TRUE,,0,0.40661955,1.75329E+12,ea5d034b02b45c37,AD,1.7.10-amb
61,7/23/25 14:14,Yeti,TRUE,,0,0.11440398,1.75329E+12,ea5d034b02b45c37,AD,1.7.10-amb
61,7/23/25 14:15,Yeti,TRUE,,0,0.37394956,1.75329E+12,ea5d034b02b45c37,AD,1.7.10-amb
61,7/23/25 14:16,Yeti,TRUE,,1,0.75088555,1.75329E+12,ea5d034b02b45c37,AD,1.7.10-amb
61,7/23/25 14:17,Yeti,TRUE,,0,0.13660944,1.75329E+12,ea5d034b02b45c37,AD,1.7.10-amb
61,7/23/25 14:18,Yeti,TRUE,,0,0.4224979,1.75329E+12,ea5d034b02b45c37,AD,1.7.10-amb
61,7/23/25 14:19,Yeti,TRUE,,1,0.8207066,1.75329E+12,ea5d034b02b45c37,AD,1.7.10-amb
61,7/23/25 14:20,Yeti,TRUE,,0,0.14266632,1.75329E+12,ea5d034b02b45c37,AD,1.7.10-amb
61,7/23/25 14:21,Yeti,TRUE,,0,0.12784147,1.75329E+12,ea5d034b02b45c37,AD,1.7.10-amb
61,7/23/25 14:22,Yeti,TRUE,,0,0.22846681,1.75329E+12,ea5d034b02b45c37,AD,1.7.10-amb
60,7/23/25 14:23,Yeti,TRUE,,0,0.46627873,1.75329E+12,ea5d034b02b45c37,AD,1.7.10-amb
60,7/23/25 14:24,Yeti,TRUE,,0,0.39650133,1.7533E+12,ea5d034b02b45c37,AD,1.7.10-amb
60,7/23/25 14:25,Yeti,TRUE,,1,0.62796295,1.7533E+12,ea5d034b02b45c37,AD,1.7.10-amb
60,7/23/25 14:26,Yeti,TRUE,,0,0.42251644,1.7533E+12,ea5d034b02b45c37,AD,1.7.10-amb
60,7/23/25 14:27,Yeti,TRUE,,1,0.50021875,1.7533E+12,ea5d034b02b45c37,AD,1.7.10-amb
60,7/23/25 14:28,Yeti,TRUE,,0,0.49177447,1.7533E+12,ea5d034b02b45c37,AD,1.7.10-amb
60,7/23/25 14:29,Yeti,TRUE,,1,0.83728087,1.7533E+12,ea5d034b02b45c37,AD,1.7.10-amb
60,7/23/25 14:30,Yeti,TRUE,,1,0.72319347,1.7533E+12,ea5d034b02b45c37,AD,1.7.10-amb
60,7/23/25 14:31,Yeti,TRUE,,1,0.8629512,1.7533E+12,ea5d034b02b45c37,AD,1.7.10-amb
60,7/23/25 14:32,Yeti,TRUE,,1,0.5249625,1.7533E+12,ea5d034b02b45c37,AD,1.7.10-amb
60,7/23/25 14:33,Yeti,TRUE,,1,0.8129115,1.7533E+12,ea5d034b02b45c37,AD,1.7.10-amb
59,7/23/25 14:34,Yeti,TRUE,,1,0.82882094,1.7533E+12,ea5d034b02b45c37,AD,1.7.10-amb
59,7/23/25 14:35,Yeti,TRUE,,1,0.9769564,1.7533E+12,ea5d034b02b45c37,AD,1.7.10-amb
59,7/23/25 14:36,Yeti,TRUE,,0,0.23371702,1.7533E+12,ea5d034b02b45c37,AD,1.7.10-amb
59,7/23/25 14:37,Yeti,TRUE,,0,0.13966548,1.7533E+12,ea5d034b02b45c37,AD,1.7.10-amb
59,7/23/25 14:38,Yeti,TRUE,,1,0.7111596,1.7533E+12,ea5d034b02b45c37,AD,1.7.10-amb
59,7/23/25 14:39,Yeti,TRUE,,1,0.6770164,1.7533E+12,ea5d034b02b45c37,AD,1.7.10-amb
59,7/23/25 14:40,Yeti,TRUE,,1,0.9022042,1.7533E+12,ea5d034b02b45c37,AD,1.7.10-amb
59,7/23/25 14:41,Yeti,TRUE,,1,0.5456683,1.7533E+12,ea5d034b02b45c37,AD,1.7.10-amb
59,7/23/25 14:42,Yeti,TRUE,,0,0.3920538,1.7533E+12,ea5d034b02b45c37,AD,1.7.10-amb
59,7/23/25 14:43,Yeti,TRUE,,0,0.18693824,1.7533E+12,ea5d034b02b45c37,AD,1.7.10-amb
59,7/23/25 14:44,Yeti,TRUE,,1,0.51279795,1.7533E+12,ea5d034b02b45c37,AD,1.7.10-amb
59,7/23/25 14:45,Yeti,TRUE,,1,0.99191296,1.7533E+12,ea5d034b02b45c37,AD,1.7.10-amb
59,7/23/25 14:46,Yeti,TRUE,,1,0.7396891,1.7533E+12,ea5d034b02b45c37,AD,1.7.10-amb
58,7/23/25 14:47,Yeti,TRUE,,1,0.76988345,1.7533E+12,ea5d034b02b45c37,AD,1.7.10-amb
58,7/23/25 14:48,Yeti,TRUE,,1,0.8931609,1.7533E+12,ea5d034b02b45c37,AD,1.7.10-amb
58,7/23/25 14:49,Yeti,TRUE,,0,0.02441788,1.7533E+12,ea5d034b02b45c37,AD,1.7.10-amb
58,7/23/25 14:50,Yeti,TRUE,,0,0.007392023,1.7533E+12,ea5d034b02b45c37,AD,1.7.10-amb
58,7/23/25 14:51,Yeti,TRUE,,0,0.003897034,1.7533E+12,ea5d034b02b45c37,AD,1.7.10-amb
58,7/23/25 14:52,Yeti,TRUE,,0,0.029288538,1.7533E+12,ea5d034b02b45c37,AD,1.7.10-amb
58,7/23/25 14:53,Yeti,TRUE,,0,0.000288443,1.7533E+12,ea5d034b02b45c37,AD,1.7.10-amb
58,7/23/25 14:54,Yeti,TRUE,,0,0.019853754,1.7533E+12,ea5d034b02b45c37,AD,1.7.10-amb
58,7/23/25 14:55,Yeti,TRUE,,0,0.000284612,1.7533E+12,ea5d034b02b45c37,AD,1.7.10-amb
58,7/23/25 14:56,Yeti,TRUE,,0,0.002437024,1.7533E+12,ea5d034b02b45c37,AD,1.7.10-amb
58,7/23/25 14:57,Yeti,TRUE,,0,0.003567751,1.7533E+12,ea5d034b02b45c37,AD,1.7.10-amb
57,7/23/25 14:58,Yeti,TRUE,,0,0.00025341,1.7533E+12,ea5d034b02b45c37,AD,1.7.10-amb
57,7/23/25 14:59,Yeti,TRUE,,0,0.45457077,1.7533E+12,ea5d034b02b45c37,AD,1.7.10-amb
57,7/23/25 15:00,Yeti,TRUE,,0,0.049913757,1.7533E+12,ea5d034b02b45c37,AD,1.7.10-amb
57,7/23/25 15:01,Yeti,TRUE,,0,0.07821907,1.7533E+12,ea5d034b02b45c37,AD,1.7.10-amb
57,7/23/25 15:02,Yeti,TRUE,,0,0.01512773,1.7533E+12,ea5d034b02b45c37,AD,1.7.10-amb
57,7/23/25 15:03,Yeti,TRUE,,0,0.003592359,1.7533E+12,ea5d034b02b45c37,AD,1.7.10-amb
57,7/23/25 15:04,Yeti,TRUE,,0,0.004765755,1.7533E+12,ea5d034b02b45c37,AD,1.7.10-amb
57,7/23/25 15:05,Yeti,TRUE,,0,0.002842761,1.7533E+12,ea5d034b02b45c37,AD,1.7.10-amb
57,7/23/25 15:06,Yeti,TRUE,,0,0.07426315,1.7533E+12,ea5d034b02b45c37,AD,1.7.10-amb
57,7/23/25 15:07,Yeti,TRUE,,0,0.039132524,1.7533E+12,ea5d034b02b45c37,AD,1.7.10-amb
56,7/23/25 15:08,Yeti,TRUE,,0,0.001034616,1.7533E+12,ea5d034b02b45c37,AD,1.7.10-amb
56,7/23/25 15:09,Yeti,TRUE,,0,0.025249371,1.7533E+12,ea5d034b02b45c37,AD,1.7.10-amb
56,7/23/25 15:10,Yeti,TRUE,,0,0.16257259,1.7533E+12,ea5d034b02b45c37,AD,1.7.10-amb
56,7/23/25 15:11,Yeti,FALSE,,0,0.06812133,1.7533E+12,ea5d034b02b45c37,AD,1.7.10-amb
56,7/23/25 15:12,Yeti,FALSE,,0,0.014966657,1.7533E+12,ea5d034b02b45c37,AD,1.7.10-amb
56,7/23/25 15:13,Yeti,FALSE,,0,0.032460675,1.7533E+12,ea5d034b02b45c37,AD,1.7.10-amb
56,7/23/25 15:14,Yeti,FALSE,,0,0.03251529,1.7533E+12,ea5d034b02b45c37,AD,1.7.10-amb
56,7/23/25 15:15,Yeti,FALSE,,0,0.069134004,1.7533E+12,ea5d034b02b45c37,AD,1.7.10-amb
56,7/23/25 15:16,Yeti,FALSE,,0,0.06793837,1.7533E+12,ea5d034b02b45c37,AD,1.7.10-amb
55,7/23/25 15:17,Yeti,FALSE,,0,0.043294545,1.7533E+12,ea5d034b02b45c37,AD,1.7.10-amb
55,7/23/25 15:18,Yeti,FALSE,,0,0.048256315,1.7533E+12,ea5d034b02b45c37,AD,1.7.10-amb
55,7/23/25 15:19,Yeti,FALSE,,0,0.12389304,1.7533E+12,ea5d034b02b45c37,AD,1.7.10-amb
55,7/23/25 15:20,Yeti,TRUE,,0,0.039430942,1.7533E+12,ea5d034b02b45c37,AD,1.7.10-amb
55,7/23/25 15:21,Yeti,TRUE,,0,0.01845594,1.7533E+12,ea5d034b02b45c37,AD,1.7.10-amb
55,7/23/25 15:22,Yeti,TRUE,,0,0.048346184,1.7533E+12,ea5d034b02b45c37,AD,1.7.10-amb
55,7/23/25 15:23,Yeti,TRUE,,0,0.32631963,1.7533E+12,ea5d034b02b45c37,AD,1.7.10-amb
55,7/23/25 15:24,Yeti,TRUE,,0,0.14089477,1.7533E+12,ea5d034b02b45c37,AD,1.7.10-amb
54,7/23/25 15:25,Yeti,TRUE,,0,0.11774418,1.7533E+12,ea5d034b02b45c37,AD,1.7.10-amb
54,7/23/25 15:26,Yeti,TRUE,,0,0.027609568,1.7533E+12,ea5d034b02b45c37,AD,1.7.10-amb
54,7/23/25 15:27,Yeti,TRUE,,0,0.1345202,1.7533E+12,ea5d034b02b45c37,AD,1.7.10-amb
54,7/23/25 15:28,Yeti,TRUE,,0,0.12371965,1.7533E+12,ea5d034b02b45c37,AD,1.7.10-amb
54,7/23/25 15:29,Yeti,TRUE,,0,0.03390523,1.7533E+12,ea5d034b02b45c37,AD,1.7.10-amb
54,7/23/25 15:30,Yeti,TRUE,,0,0.017630657,1.7533E+12,ea5d034b02b45c37,AD,1.7.10-amb
54,7/23/25 15:31,Yeti,TRUE,,0,0.103797495,1.7533E+12,ea5d034b02b45c37,AD,1.7.10-amb
54,7/23/25 15:32,Yeti,TRUE,,0,0.23839892,1.7533E+12,ea5d034b02b45c37,AD,1.7.10-amb
54,7/23/25 15:33,Yeti,TRUE,,0,0.23377436,1.7533E+12,ea5d034b02b45c37,AD,1.7.10-amb
53,7/23/25 15:34,Yeti,TRUE,,0,0.21237822,1.7533E+12,ea5d034b02b45c37,AD,1.7.10-amb
53,7/23/25 15:35,Yeti,TRUE,,0,0.087933056,1.7533E+12,ea5d034b02b45c37,AD,1.7.10-amb
53,7/23/25 15:36,Yeti,TRUE,,1,0.9834932,1.7533E+12,ea5d034b02b45c37,AD,1.7.10-amb
53,7/23/25 15:37,Yeti,TRUE,,0,0.39910308,1.7533E+12,ea5d034b02b45c37,AD,1.7.10-amb
53,7/23/25 15:38,Yeti,TRUE,,0,0.07651005,1.7533E+12,ea5d034b02b45c37,AD,1.7.10-amb
53,7/23/25 15:39,Yeti,TRUE,,1,0.67666364,1.7533E+12,ea5d034b02b45c37,AD,1.7.10-amb
53,7/23/25 15:40,Yeti,TRUE,,0,0.17993063,1.7533E+12,ea5d034b02b45c37,AD,1.7.10-amb
53,7/23/25 15:41,Yeti,TRUE,,0,0.124848075,1.7533E+12,ea5d034b02b45c37,AD,1.7.10-amb
53,7/23/25 15:42,Yeti,TRUE,,0,0.011594674,1.7533E+12,ea5d034b02b45c37,AD,1.7.10-amb
53,7/23/25 15:43,Yeti,TRUE,,0,0.027885046,1.7533E+12,ea5d034b02b45c37,AD,1.7.10-amb
52,7/23/25 15:44,Yeti,TRUE,,0,0.07974393,1.7533E+12,ea5d034b02b45c37,AD,1.7.10-amb
52,7/23/25 15:45,Yeti,TRUE,,0,0.1823639,1.7533E+12,ea5d034b02b45c37,AD,1.7.10-amb
52,7/23/25 15:46,Yeti,TRUE,,0,0.15536286,1.7533E+12,ea5d034b02b45c37,AD,1.7.10-amb
52,7/23/25 15:47,Yeti,TRUE,,0,0.064307414,1.7533E+12,ea5d034b02b45c37,AD,1.7.10-amb
51,7/23/25 15:48,Yeti,TRUE,,0,0.008327524,1.7533E+12,ea5d034b02b45c37,AD,1.7.10-amb
51,7/23/25 15:49,Yeti,TRUE,,1,0.55854607,1.7533E+12,ea5d034b02b45c37,AD,1.7.10-amb
50,7/23/25 15:50,Yeti,TRUE,,1,0.83121973,1.7533E+12,ea5d034b02b45c37,AD,1.7.10-amb
50,7/23/25 15:51,Yeti,TRUE,,0,0.06166026,1.7533E+12,ea5d034b02b45c37,AD,1.7.10-amb
50,7/23/25 15:52,Yeti,TRUE,,0,0.35620645,1.7533E+12,ea5d034b02b45c37,AD,1.7.10-amb
50,7/23/25 15:53,Yeti,TRUE,,0,0.15543026,1.7533E+12,ea5d034b02b45c37,AD,1.7.10-amb
50,7/23/25 15:54,Yeti,TRUE,,0,0.24618138,1.7533E+12,ea5d034b02b45c37,AD,1.7.10-amb
50,7/23/25 15:55,Yeti,TRUE,,0,0.3380448,1.7533E+12,ea5d034b02b45c37,AD,1.7.10-amb
49,7/23/25 15:56,Yeti,TRUE,,0,0.07303973,1.7533E+12,ea5d034b02b45c37,AD,1.7.10-amb
49,7/23/25 15:57,Yeti,TRUE,,1,0.89784145,1.7533E+12,ea5d034b02b45c37,AD,1.7.10-amb
49,7/23/25 15:58,Yeti,TRUE,,0,0.22228588,1.7533E+12,ea5d034b02b45c37,AD,1.7.10-amb
49,7/23/25 15:59,Yeti,TRUE,,0,0.21518601,1.7533E+12,ea5d034b02b45c37,AD,1.7.10-amb
49,7/23/25 16:00,Yeti,TRUE,,0,0.46991223,1.7533E+12,ea5d034b02b45c37,AD,1.7.10-amb
49,7/23/25 16:01,Yeti,FALSE,,1,0.7626927,1.7533E+12,ea5d034b02b45c37,AD,1.7.10-amb
49,7/23/25 16:02,Yeti,TRUE,,0,0.36241898,1.7533E+12,ea5d034b02b45c37,AD,1.7.10-amb
49,7/23/25 16:03,Yeti,TRUE,,0,0.49801925,1.7533E+12,ea5d034b02b45c37,AD,1.7.10-amb
48,7/23/25 16:04,Yeti,TRUE,,1,0.66125757,1.7533E+12,ea5d034b02b45c37,AD,1.7.10-amb
48,7/23/25 16:05,Yeti,TRUE,,0,0.103591114,1.7533E+12,ea5d034b02b45c37,AD,1.7.10-amb
48,7/23/25 16:06,Yeti,TRUE,,0,0.49599677,1.7533E+12,ea5d034b02b45c37,AD,1.7.10-amb
48,7/23/25 16:07,Yeti,TRUE,,1,0.6761545,1.7533E+12,ea5d034b02b45c37,AD,1.7.10-amb
48,7/23/25 16:08,Yeti,TRUE,,1,0.6192296,1.7533E+12,ea5d034b02b45c37,AD,1.7.10-amb
48,7/23/25 16:09,Yeti,TRUE,,0,0.47859606,1.7533E+12,ea5d034b02b45c37,AD,1.7.10-amb
48,7/23/25 16:10,Yeti,TRUE,,1,0.5387861,1.7533E+12,ea5d034b02b45c37,AD,1.7.10-amb
48,7/23/25 16:11,Yeti,TRUE,,1,0.57898235,1.7533E+12,ea5d034b02b45c37,AD,1.7.10-amb
48,7/23/25 16:12,Yeti,TRUE,,0,0.46739662,1.7533E+12,ea5d034b02b45c37,AD,1.7.10-amb
48,7/23/25 16:13,Yeti,TRUE,,0,0.3146494,1.7533E+12,ea5d034b02b45c37,AD,1.7.10-amb
48,7/23/25 16:14,Yeti,TRUE,,0,0.005674318,1.7533E+12,ea5d034b02b45c37,AD,1.7.10-amb
47,7/23/25 16:15,Yeti,TRUE,,0,0.10620584,1.7533E+12,ea5d034b02b45c37,AD,1.7.10-amb
47,7/23/25 16:16,Yeti,FALSE,,0,0.024669323,1.7533E+12,ea5d034b02b45c37,AD,1.7.10-amb
47,7/23/25 16:17,Yeti,TRUE,,0,0.014252829,1.7533E+12,ea5d034b02b45c37,AD,1.7.10-amb
47,7/23/25 16:18,Yeti,TRUE,,0,0.041900534,1.7533E+12,ea5d034b02b45c37,AD,1.7.10-amb
47,7/23/25 16:19,Yeti,TRUE,,0,0.33367172,1.7533E+12,ea5d034b02b45c37,AD,1.7.10-amb
47,7/23/25 16:20,Yeti,TRUE,,0,0.027515925,1.7533E+12,ea5d034b02b45c37,AD,1.7.10-amb
47,7/23/25 16:21,Yeti,TRUE,,0,0.43340588,1.7533E+12,ea5d034b02b45c37,AD,1.7.10-amb
47,7/23/25 16:22,Yeti,TRUE,,0,0.09770221,1.7533E+12,ea5d034b02b45c37,AD,1.7.10-amb
46,7/23/25 16:23,Yeti,TRUE,,0,0.075880244,1.7533E+12,ea5d034b02b45c37,AD,1.7.10-amb
46,7/23/25 16:24,Yeti,TRUE,,0,0.11565339,1.7533E+12,ea5d034b02b45c37,AD,1.7.10-amb
46,7/23/25 16:25,Yeti,TRUE,,0,0.02348384,1.7533E+12,ea5d034b02b45c37,AD,1.7.10-amb
46,7/23/25 16:26,Yeti,TRUE,,0,0.032495707,1.7533E+12,ea5d034b02b45c37,AD,1.7.10-amb
46,7/23/25 16:27,Yeti,TRUE,,0,0.06521589,1.7533E+12,ea5d034b02b45c37,AD,1.7.10-amb
46,7/23/25 16:28,Yeti,TRUE,,0,0.046004888,1.7533E+12,ea5d034b02b45c37,AD,1.7.10-amb
46,7/23/25 16:29,Yeti,TRUE,,0,0.051348295,1.7533E+12,ea5d034b02b45c37,AD,1.7.10-amb
46,7/23/25 16:30,Yeti,TRUE,,0,0.021866066,1.7533E+12,ea5d034b02b45c37,AD,1.7.10-amb
46,7/23/25 16:31,Yeti,TRUE,,0,0.1267268,1.7533E+12,ea5d034b02b45c37,AD,1.7.10-amb
45,7/23/25 16:32,Yeti,TRUE,,0,0.006159177,1.7533E+12,ea5d034b02b45c37,AD,1.7.10-amb
45,7/23/25 16:33,Yeti,TRUE,,0,0.06308824,1.7533E+12,ea5d034b02b45c37,AD,1.7.10-amb
45,7/23/25 16:34,Yeti,TRUE,,0,0.023646213,1.7533E+12,ea5d034b02b45c37,AD,1.7.10-amb
45,7/23/25 16:35,Yeti,TRUE,,1,0.9827723,1.7533E+12,ea5d034b02b45c37,AD,1.7.10-amb
45,7/23/25 16:36,Yeti,TRUE,,0,0.03158414,1.7533E+12,ea5d034b02b45c37,AD,1.7.10-amb
45,7/23/25 16:37,Yeti,TRUE,,0,0.03343221,1.7533E+12,ea5d034b02b45c37,AD,1.7.10-amb
45,7/23/25 16:38,Yeti,TRUE,,0,0.019428007,1.7533E+12,ea5d034b02b45c37,AD,1.7.10-amb
45,7/23/25 16:39,Yeti,TRUE,,0,0.001779096,1.7533E+12,ea5d034b02b45c37,AD,1.7.10-amb
45,7/23/25 16:40,Yeti,TRUE,,0,0.3614459,1.7533E+12,ea5d034b02b45c37,AD,1.7.10-amb
45,7/23/25 16:41,Yeti,TRUE,,1,0.51277524,1.7533E+12,ea5d034b02b45c37,AD,1.7.10-amb
44,7/23/25 16:42,Yeti,TRUE,,0,0.11141567,1.7533E+12,ea5d034b02b45c37,AD,1.7.10-amb
44,7/23/25 16:43,Yeti,TRUE,,0,0.015206642,1.7533E+12,ea5d034b02b45c37,AD,1.7.10-amb
44,7/23/25 16:44,Yeti,TRUE,,0,0.003497027,1.7533E+12,ea5d034b02b45c37,AD,1.7.10-amb
44,7/23/25 16:45,Yeti,TRUE,,0,0.005866395,1.7533E+12,ea5d034b02b45c37,AD,1.7.10-amb
44,7/23/25 16:46,Yeti,TRUE,,0,0.020833123,1.7533E+12,ea5d034b02b45c37,AD,1.7.10-amb
44,7/23/25 16:47,Yeti,TRUE,,0,0.020209527,1.7533E+12,ea5d034b02b45c37,AD,1.7.10-amb
44,7/23/25 16:48,Yeti,TRUE,,0,0.010699874,1.7533E+12,ea5d034b02b45c37,AD,1.7.10-amb
44,7/23/25 16:49,Yeti,TRUE,,0,0.008012695,1.7533E+12,ea5d034b02b45c37,AD,1.7.10-amb
44,7/23/25 16:50,Yeti,TRUE,,0,0.006268649,1.7533E+12,ea5d034b02b45c37,AD,1.7.10-amb
43,7/23/25 16:51,Yeti,TRUE,,0,0.004705908,1.7533E+12,ea5d034b02b45c37,AD,1.7.10-amb
43,7/23/25 16:52,Yeti,TRUE,,0,0.009376388,1.7533E+12,ea5d034b02b45c37,AD,1.7.10-amb
43,7/23/25 16:53,Yeti,TRUE,,0,0.015187865,1.7533E+12,ea5d034b02b45c37,AD,1.7.10-amb
43,7/23/25 16:54,Yeti,TRUE,,0,0.02260287,1.7533E+12,ea5d034b02b45c37,AD,1.7.10-amb
43,7/23/25 16:55,Yeti,TRUE,,0,0.011835417,1.7533E+12,ea5d034b02b45c37,AD,1.7.10-amb
43,7/23/25 16:56,Yeti,TRUE,,0,0.019739818,1.7533E+12,ea5d034b02b45c37,AD,1.7.10-amb
43,7/23/25 16:57,Yeti,TRUE,,0,0.059928257,1.7533E+12,ea5d034b02b45c37,AD,1.7.10-amb
43,7/23/25 16:58,Yeti,TRUE,,0,0.025298592,1.7533E+12,ea5d034b02b45c37,AD,1.7.10-amb
43,7/23/25 16:59,Yeti,TRUE,,1,0.9367352,1.7533E+12,ea5d034b02b45c37,AD,1.7.10-amb
42,7/23/25 17:00,Yeti,TRUE,,1,0.8637268,1.7533E+12,ea5d034b02b45c37,AD,1.7.10-amb
42,7/23/25 17:01,Yeti,TRUE,,1,0.99022514,1.7533E+12,ea5d034b02b45c37,AD,1.7.10-amb
42,7/23/25 17:02,Yeti,TRUE,,1,0.9486266,1.7533E+12,ea5d034b02b45c37,AD,1.7.10-amb
42,7/23/25 17:03,Yeti,TRUE,,1,0.95018655,1.7533E+12,ea5d034b02b45c37,AD,1.7.10-amb
42,7/23/25 17:04,Yeti,TRUE,,1,0.9369754,1.7533E+12,ea5d034b02b45c37,AD,1.7.10-amb
42,7/23/25 17:05,Yeti,TRUE,,1,0.992117,1.7533E+12,ea5d034b02b45c37,AD,1.7.10-amb
42,7/23/25 17:06,Yeti,TRUE,,1,0.9973641,1.7533E+12,ea5d034b02b45c37,AD,1.7.10-amb
42,7/23/25 17:07,Yeti,TRUE,,1,0.9505852,1.7533E+12,ea5d034b02b45c37,AD,1.7.10-amb
42,7/23/25 17:08,Yeti,TRUE,,1,0.9883052,1.7533E+12,ea5d034b02b45c37,AD,1.7.10-amb
41,7/23/25 17:09,Yeti,TRUE,,1,0.84836763,1.7533E+12,ea5d034b02b45c37,AD,1.7.10-amb
41,7/23/25 17:10,Yeti,TRUE,,1,0.9861297,1.75331E+12,ea5d034b02b45c37,AD,1.7.10-amb
41,7/23/25 17:11,Yeti,TRUE,,1,0.9854165,1.75331E+12,ea5d034b02b45c37,AD,1.7.10-amb
41,7/23/25 17:12,Yeti,TRUE,,1,0.94332474,1.75331E+12,ea5d034b02b45c37,AD,1.7.10-amb
41,7/23/25 17:13,Yeti,TRUE,,1,0.98949873,1.75331E+12,ea5d034b02b45c37,AD,1.7.10-amb
41,7/23/25 17:14,Yeti,TRUE,,1,0.96502644,1.75331E+12,ea5d034b02b45c37,AD,1.7.10-amb
41,7/23/25 17:15,Yeti,TRUE,,1,0.98895955,1.75331E+12,ea5d034b02b45c37,AD,1.7.10-amb
41,7/23/25 17:16,Yeti,TRUE,,1,0.83704853,1.75331E+12,ea5d034b02b45c37,AD,1.7.10-amb
40,7/23/25 17:17,Yeti,TRUE,,1,0.8496169,1.75331E+12,ea5d034b02b45c37,AD,1.7.10-amb
40,7/23/25 17:18,Yeti,TRUE,,0,0.09922292,1.75331E+12,ea5d034b02b45c37,AD,1.7.10-amb
40,7/23/25 17:19,Yeti,TRUE,,0,0.03218462,1.75331E+12,ea5d034b02b45c37,AD,1.7.10-amb
40,7/23/25 17:20,Yeti,TRUE,,1,0.8970392,1.75331E+12,ea5d034b02b45c37,AD,1.7.10-amb
40,7/23/25 17:21,Yeti,TRUE,,1,0.95174426,1.75331E+12,ea5d034b02b45c37,AD,1.7.10-amb
40,7/23/25 17:22,Yeti,TRUE,,1,0.99329513,1.75331E+12,ea5d034b02b45c37,AD,1.7.10-amb
40,7/23/25 17:23,Yeti,TRUE,,1,0.989091,1.75331E+12,ea5d034b02b45c37,AD,1.7.10-amb
40,7/23/25 17:24,Yeti,TRUE,,1,0.5838258,1.75331E+12,ea5d034b02b45c37,AD,1.7.10-amb
39,7/23/25 17:25,Yeti,TRUE,,1,0.98308384,1.75331E+12,ea5d034b02b45c37,AD,1.7.10-amb
39,7/23/25 17:26,Yeti,TRUE,,1,0.99595153,1.75331E+12,ea5d034b02b45c37,AD,1.7.10-amb
39,7/23/25 17:27,Yeti,TRUE,,1,0.9373253,1.75331E+12,ea5d034b02b45c37,AD,1.7.10-amb
39,7/23/25 17:28,Yeti,FALSE,,1,0.9882544,1.75331E+12,ea5d034b02b45c37,AD,1.7.10-amb
39,7/23/25 17:29,Yeti,TRUE,,1,0.9945963,1.75331E+12,ea5d034b02b45c37,AD,1.7.10-amb
39,7/23/25 17:30,Yeti,TRUE,,1,0.99636465,1.75331E+12,ea5d034b02b45c37,AD,1.7.10-amb
39,7/23/25 17:31,Yeti,TRUE,,1,0.998485,1.75331E+12,ea5d034b02b45c37,AD,1.7.10-amb
38,7/23/25 17:32,Yeti,TRUE,,1,0.9787481,1.75331E+12,ea5d034b02b45c37,AD,1.7.10-amb
38,7/23/25 17:33,Yeti,TRUE,,1,0.979167,1.75331E+12,ea5d034b02b45c37,AD,1.7.10-amb
38,7/23/25 17:34,Yeti,TRUE,,1,0.9646671,1.75331E+12,ea5d034b02b45c37,AD,1.7.10-amb
38,7/23/25 17:35,Yeti,TRUE,,1,0.97900164,1.75331E+12,ea5d034b02b45c37,AD,1.7.10-amb
38,7/23/25 17:36,Yeti,TRUE,,1,0.96553695,1.75331E+12,ea5d034b02b45c37,AD,1.7.10-amb
38,7/23/25 17:37,Yeti,TRUE,,1,0.9756537,1.75331E+12,ea5d034b02b45c37,AD,1.7.10-amb
38,7/23/25 17:38,Yeti,TRUE,,1,0.96887755,1.75331E+12,ea5d034b02b45c37,AD,1.7.10-amb
38,7/23/25 17:39,Yeti,TRUE,,1,0.9829957,1.75331E+12,ea5d034b02b45c37,AD,1.7.10-amb
38,7/23/25 17:40,Yeti,TRUE,,1,0.9866236,1.75331E+12,ea5d034b02b45c37,AD,1.7.10-amb
37,7/23/25 17:41,Yeti,TRUE,,1,0.97483975,1.75331E+12,ea5d034b02b45c37,AD,1.7.10-amb
37,7/23/25 17:42,Yeti,TRUE,,1,0.96366096,1.75331E+12,ea5d034b02b45c37,AD,1.7.10-amb
37,7/23/25 17:43,Yeti,TRUE,,1,0.9778936,1.75331E+12,ea5d034b02b45c37,AD,1.7.10-amb
37,7/23/25 17:44,Yeti,TRUE,,1,0.97476506,1.75331E+12,ea5d034b02b45c37,AD,1.7.10-amb
37,7/23/25 17:45,Yeti,TRUE,,1,0.91256654,1.75331E+12,ea5d034b02b45c37,AD,1.7.10-amb
37,7/23/25 17:46,Yeti,TRUE,,1,0.9355904,1.75331E+12,ea5d034b02b45c37,AD,1.7.10-amb
37,7/23/25 17:47,Yeti,TRUE,,1,0.9552464,1.75331E+12,ea5d034b02b45c37,AD,1.7.10-amb
37,7/23/25 17:48,Yeti,TRUE,,1,0.7522989,1.75331E+12,ea5d034b02b45c37,AD,1.7.10-amb
37,7/23/25 17:49,Yeti,TRUE,,1,0.9718041,1.75331E+12,ea5d034b02b45c37,AD,1.7.10-amb
36,7/23/25 17:50,Yeti,TRUE,,1,0.8988465,1.75331E+12,ea5d034b02b45c37,AD,1.7.10-amb
36,7/23/25 17:51,Yeti,TRUE,,1,0.8950239,1.75331E+12,ea5d034b02b45c37,AD,1.7.10-amb
36,7/23/25 17:52,Yeti,TRUE,,1,0.98100096,1.75331E+12,ea5d034b02b45c37,AD,1.7.10-amb
36,7/23/25 17:53,Yeti,TRUE,,1,0.9896541,1.75331E+12,ea5d034b02b45c37,AD,1.7.10-amb
36,7/23/25 17:54,Yeti,TRUE,,1,0.88447654,1.75331E+12,ea5d034b02b45c37,AD,1.7.10-amb
36,7/23/25 17:55,Yeti,TRUE,,1,0.93466896,1.75331E+12,ea5d034b02b45c37,AD,1.7.10-amb
36,7/23/25 17:56,Yeti,TRUE,,1,0.98622173,1.75331E+12,ea5d034b02b45c37,AD,1.7.10-amb
36,7/23/25 17:57,Yeti,TRUE,,1,0.9653759,1.75331E+12,ea5d034b02b45c37,AD,1.7.10-amb
36,7/23/25 17:58,Yeti,TRUE,,1,0.9318903,1.75331E+12,ea5d034b02b45c37,AD,1.7.10-amb
35,7/23/25 17:59,Yeti,TRUE,,1,0.99272233,1.75331E+12,ea5d034b02b45c37,AD,1.7.10-amb
35,7/23/25 18:00,Yeti,TRUE,,1,0.9605521,1.75331E+12,ea5d034b02b45c37,AD,1.7.10-amb
35,7/23/25 18:01,Yeti,TRUE,,1,0.9876166,1.75331E+12,ea5d034b02b45c37,AD,1.7.10-amb
35,7/23/25 18:02,Yeti,TRUE,,1,0.98987156,1.75331E+12,ea5d034b02b45c37,AD,1.7.10-amb
35,7/23/25 18:03,Yeti,TRUE,,1,0.9475532,1.75331E+12,ea5d034b02b45c37,AD,1.7.10-amb
35,7/23/25 18:04,Yeti,TRUE,,1,0.92800957,1.75331E+12,ea5d034b02b45c37,AD,1.7.10-amb
35,7/23/25 18:05,Yeti,TRUE,,1,0.93097305,1.75331E+12,ea5d034b02b45c37,AD,1.7.10-amb
35,7/23/25 18:06,Yeti,TRUE,,1,0.9881132,1.75331E+12,ea5d034b02b45c37,AD,1.7.10-amb
34,7/23/25 18:07,Yeti,TRUE,,1,0.96631896,1.75331E+12,ea5d034b02b45c37,AD,1.7.10-amb
34,7/23/25 18:08,Yeti,TRUE,,1,0.85440636,1.75331E+12,ea5d034b02b45c37,AD,1.7.10-amb
34,7/23/25 18:09,Yeti,TRUE,,1,0.8676417,1.75331E+12,ea5d034b02b45c37,AD,1.7.10-amb
34,7/23/25 18:10,Yeti,TRUE,,1,0.96382296,1.75331E+12,ea5d034b02b45c37,AD,1.7.10-amb
34,7/23/25 18:11,Yeti,TRUE,,1,0.9849236,1.75331E+12,ea5d034b02b45c37,AD,1.7.10-amb
34,7/23/25 18:12,Yeti,TRUE,,1,0.94675314,1.75331E+12,ea5d034b02b45c37,AD,1.7.10-amb
34,7/23/25 18:13,Yeti,TRUE,,1,0.9535839,1.75331E+12,ea5d034b02b45c37,AD,1.7.10-amb
34,7/23/25 18:14,Yeti,TRUE,,0,0.3258604,1.75331E+12,ea5d034b02b45c37,AD,1.7.10-amb
33,7/23/25 18:15,Yeti,TRUE,,1,0.5206964,1.75331E+12,ea5d034b02b45c37,AD,1.7.10-amb
33,7/23/25 18:16,Yeti,TRUE,,1,0.83446705,1.75331E+12,ea5d034b02b45c37,AD,1.7.10-amb
33,7/23/25 18:17,Yeti,TRUE,,1,0.9314654,1.75331E+12,ea5d034b02b45c37,AD,1.7.10-amb
33,7/23/25 18:18,Yeti,TRUE,,1,0.75335157,1.75331E+12,ea5d034b02b45c37,AD,1.7.10-amb
33,7/23/25 18:19,Yeti,TRUE,,1,0.9016343,1.75331E+12,ea5d034b02b45c37,AD,1.7.10-amb
33,7/23/25 18:20,Yeti,TRUE,,1,0.93200624,1.75331E+12,ea5d034b02b45c37,AD,1.7.10-amb
33,7/23/25 18:21,Yeti,TRUE,,1,0.9674895,1.75331E+12,ea5d034b02b45c37,AD,1.7.10-amb
33,7/23/25 18:22,Yeti,TRUE,,1,0.9836939,1.75331E+12,ea5d034b02b45c37,AD,1.7.10-amb
33,7/23/25 18:23,Yeti,TRUE,,1,0.81471163,1.75331E+12,ea5d034b02b45c37,AD,1.7.10-amb
32,7/23/25 18:24,Yeti,TRUE,,1,0.86838496,1.75331E+12,ea5d034b02b45c37,AD,1.7.10-amb
32,7/23/25 18:25,Yeti,TRUE,,1,0.69059366,1.75331E+12,ea5d034b02b45c37,AD,1.7.10-amb
32,7/23/25 18:26,Yeti,TRUE,,1,0.94601125,1.75331E+12,ea5d034b02b45c37,AD,1.7.10-amb
32,7/23/25 18:27,Yeti,TRUE,,1,0.9754294,1.75331E+12,ea5d034b02b45c37,AD,1.7.10-amb
32,7/23/25 18:28,Yeti,TRUE,,1,0.93073493,1.75331E+12,ea5d034b02b45c37,AD,1.7.10-amb
32,7/23/25 18:29,Yeti,TRUE,,1,0.8707348,1.75331E+12,ea5d034b02b45c37,AD,1.7.10-amb
32,7/23/25 18:30,Yeti,TRUE,,1,0.80479395,1.75331E+12,ea5d034b02b45c37,AD,1.7.10-amb
31,7/23/25 18:31,Yeti,TRUE,,1,0.8984473,1.75331E+12,ea5d034b02b45c37,AD,1.7.10-amb
31,7/23/25 18:32,Yeti,TRUE,,1,0.9379488,1.75331E+12,ea5d034b02b45c37,AD,1.7.10-amb
31,7/23/25 18:33,Yeti,TRUE,,1,0.92899144,1.75331E+12,ea5d034b02b45c37,AD,1.7.10-amb
31,7/23/25 18:34,Yeti,TRUE,,1,0.8700205,1.75331E+12,ea5d034b02b45c37,AD,1.7.10-amb
31,7/23/25 18:35,Yeti,TRUE,,1,0.85243565,1.75331E+12,ea5d034b02b45c37,AD,1.7.10-amb
31,7/23/25 18:36,Yeti,TRUE,,1,0.9906268,1.75331E+12,ea5d034b02b45c37,AD,1.7.10-amb
31,7/23/25 18:37,Yeti,TRUE,,1,0.61459386,1.75331E+12,ea5d034b02b45c37,AD,1.7.10-amb
31,7/23/25 18:38,Yeti,TRUE,,1,0.81058604,1.75331E+12,ea5d034b02b45c37,AD,1.7.10-amb
31,7/23/25 18:39,Yeti,TRUE,,1,0.9597245,1.75331E+12,ea5d034b02b45c37,AD,1.7.10-amb
31,7/23/25 18:40,Yeti,TRUE,,1,0.8052169,1.75331E+12,ea5d034b02b45c37,AD,1.7.10-amb
30,7/23/25 18:41,Yeti,TRUE,,1,0.8981776,1.75331E+12,ea5d034b02b45c37,AD,1.7.10-amb
30,7/23/25 18:42,Yeti,TRUE,,1,0.9855251,1.75331E+12,ea5d034b02b45c37,AD,1.7.10-amb
30,7/23/25 18:43,Yeti,TRUE,,1,0.8343727,1.75331E+12,ea5d034b02b45c37,AD,1.7.10-amb
30,7/23/25 18:44,Yeti,TRUE,,0,0.4984045,1.75331E+12,ea5d034b02b45c37,AD,1.7.10-amb
29,7/23/25 18:45,Yeti,TRUE,,1,0.8975524,1.75331E+12,ea5d034b02b45c37,AD,1.7.10-amb
29,7/23/25 18:46,Yeti,TRUE,,1,0.9374968,1.75331E+12,ea5d034b02b45c37,AD,1.7.10-amb
29,7/23/25 18:47,Yeti,TRUE,,1,0.9101358,1.75331E+12,ea5d034b02b45c37,AD,1.7.10-amb
28,7/23/25 18:48,Yeti,TRUE,,1,0.73964,1.75331E+12,ea5d034b02b45c37,AD,1.7.10-amb
28,7/23/25 18:49,Yeti,TRUE,,1,0.852897,1.75331E+12,ea5d034b02b45c37,AD,1.7.10-amb
28,7/23/25 18:50,Yeti,TRUE,,1,0.8844074,1.75331E+12,ea5d034b02b45c37,AD,1.7.10-amb
28,7/23/25 18:51,Yeti,TRUE,,1,0.8482947,1.75331E+12,ea5d034b02b45c37,AD,1.7.10-amb
27,7/23/25 18:52,Yeti,TRUE,,1,0.8942587,1.75331E+12,ea5d034b02b45c37,AD,1.7.10-amb
27,7/23/25 18:53,Yeti,TRUE,,1,0.8348603,1.75331E+12,ea5d034b02b45c37,AD,1.7.10-amb
27,7/23/25 18:54,Yeti,TRUE,,1,0.88202274,1.75331E+12,ea5d034b02b45c37,AD,1.7.10-amb
27,7/23/25 18:55,Yeti,TRUE,,1,0.9828703,1.75331E+12,ea5d034b02b45c37,AD,1.7.10-amb
26,7/23/25 18:56,Yeti,TRUE,,1,0.9283628,1.75331E+12,ea5d034b02b45c37,AD,1.7.10-amb
26,7/23/25 18:57,Yeti,TRUE,,1,0.8612973,1.75331E+12,ea5d034b02b45c37,AD,1.7.10-amb
26,7/23/25 18:58,Yeti,TRUE,,1,0.8601743,1.75331E+12,ea5d034b02b45c37,AD,1.7.10-amb
26,7/23/25 18:59,Yeti,TRUE,,1,0.9445653,1.75331E+12,ea5d034b02b45c37,AD,1.7.10-amb
26,7/23/25 19:00,Yeti,TRUE,,1,0.8752723,1.75331E+12,ea5d034b02b45c37,AD,1.7.10-amb
25,7/23/25 19:01,Yeti,TRUE,,1,0.9810079,1.75331E+12,ea5d034b02b45c37,AD,1.7.10-amb
25,7/23/25 19:02,Yeti,TRUE,,1,0.971899,1.75331E+12,ea5d034b02b45c37,AD,1.7.10-amb
25,7/23/25 19:03,Yeti,TRUE,,1,0.91938394,1.75331E+12,ea5d034b02b45c37,AD,1.7.10-amb
25,7/23/25 19:04,Yeti,TRUE,,1,0.89773583,1.75331E+12,ea5d034b02b45c37,AD,1.7.10-amb
25,7/23/25 19:05,Yeti,TRUE,,1,0.6852703,1.75331E+12,ea5d034b02b45c37,AD,1.7.10-amb
24,7/23/25 19:06,Yeti,TRUE,,1,0.73613834,1.75331E+12,ea5d034b02b45c37,AD,1.7.10-amb
24,7/23/25 19:07,Yeti,TRUE,,0,0.32212606,1.75331E+12,ea5d034b02b45c37,AD,1.7.10-amb
24,7/23/25 19:08,Yeti,TRUE,,1,0.75216115,1.75331E+12,ea5d034b02b45c37,AD,1.7.10-amb
24,7/23/25 19:09,Yeti,TRUE,,1,0.86228645,1.75331E+12,ea5d034b02b45c37,AD,1.7.10-amb
24,7/23/25 19:10,Yeti,TRUE,,1,0.837846,1.75331E+12,ea5d034b02b45c37,AD,1.7.10-amb
24,7/23/25 19:11,Yeti,TRUE,,1,0.68239605,1.75331E+12,ea5d034b02b45c37,AD,1.7.10-amb
24,7/23/25 19:12,Yeti,TRUE,,1,0.63804567,1.75331E+12,ea5d034b02b45c37,AD,1.7.10-amb
24,7/23/25 19:13,Yeti,TRUE,,0,0.149516,1.75331E+12,ea5d034b02b45c37,AD,1.7.10-amb
24,7/23/25 19:14,Yeti,TRUE,,1,0.74264306,1.75331E+12,ea5d034b02b45c37,AD,1.7.10-amb
24,7/23/25 19:15,Yeti,TRUE,,1,0.9417031,1.75331E+12,ea5d034b02b45c37,AD,1.7.10-amb
24,7/23/25 19:16,Yeti,TRUE,,1,0.99345785,1.75331E+12,ea5d034b02b45c37,AD,1.7.10-amb
23,7/23/25 19:17,Yeti,TRUE,,0,0.18969026,1.75331E+12,ea5d034b02b45c37,AD,1.7.10-amb
23,7/23/25 19:18,Yeti,TRUE,,1,0.7565287,1.75331E+12,ea5d034b02b45c37,AD,1.7.10-amb
23,7/23/25 19:19,Yeti,TRUE,,1,0.61110574,1.75331E+12,ea5d034b02b45c37,AD,1.7.10-amb
23,7/23/25 19:20,Yeti,TRUE,,1,0.97784585,1.75331E+12,ea5d034b02b45c37,AD,1.7.10-amb
23,7/23/25 19:21,Yeti,TRUE,,1,0.7186658,1.75331E+12,ea5d034b02b45c37,AD,1.7.10-amb
23,7/23/25 19:22,Yeti,TRUE,,0,0.26551196,1.75331E+12,ea5d034b02b45c37,AD,1.7.10-amb
23,7/23/25 19:23,Yeti,TRUE,,0,0.49602574,1.75331E+12,ea5d034b02b45c37,AD,1.7.10-amb
23,7/23/25 19:24,Yeti,TRUE,,0,0.26853365,1.75331E+12,ea5d034b02b45c37,AD,1.7.10-amb
22,7/23/25 19:25,Yeti,TRUE,,0,0.40610704,1.75331E+12,ea5d034b02b45c37,AD,1.7.10-amb
22,7/23/25 19:26,Yeti,TRUE,,1,0.80996186,1.75331E+12,ea5d034b02b45c37,AD,1.7.10-amb
22,7/23/25 19:27,Yeti,TRUE,,0,0.40838033,1.75331E+12,ea5d034b02b45c37,AD,1.7.10-amb
22,7/23/25 19:28,Yeti,TRUE,,0,0.07497515,1.75331E+12,ea5d034b02b45c37,AD,1.7.10-amb
22,7/23/25 19:29,Yeti,TRUE,,1,0.86925286,1.75331E+12,ea5d034b02b45c37,AD,1.7.10-amb
21,7/23/25 19:30,Yeti,TRUE,,1,0.8041742,1.75331E+12,ea5d034b02b45c37,AD,1.7.10-amb
21,7/23/25 19:31,Yeti,TRUE,,1,0.94440335,1.75331E+12,ea5d034b02b45c37,AD,1.7.10-amb
21,7/23/25 19:32,Yeti,TRUE,,1,0.9528804,1.75331E+12,ea5d034b02b45c37,AD,1.7.10-amb
21,7/23/25 19:33,Yeti,TRUE,,1,0.90114486,1.75331E+12,ea5d034b02b45c37,AD,1.7.10-amb
21,7/23/25 19:34,Yeti,TRUE,,1,0.987921,1.75331E+12,ea5d034b02b45c37,AD,1.7.10-amb
21,7/23/25 19:35,Yeti,TRUE,,1,0.96855104,1.75331E+12,ea5d034b02b45c37,AD,1.7.10-amb
21,7/23/25 19:36,Yeti,TRUE,,1,0.81310153,1.75331E+12,ea5d034b02b45c37,AD,1.7.10-amb
21,7/23/25 19:37,Yeti,TRUE,,1,0.9757201,1.75331E+12,ea5d034b02b45c37,AD,1.7.10-amb
21,7/23/25 19:38,Yeti,TRUE,,1,0.9935121,1.75331E+12,ea5d034b02b45c37,AD,1.7.10-amb
21,7/23/25 19:39,Yeti,TRUE,,1,0.81973577,1.75331E+12,ea5d034b02b45c37,AD,1.7.10-amb
21,7/23/25 19:40,Yeti,TRUE,,1,0.9160456,1.75331E+12,ea5d034b02b45c37,AD,1.7.10-amb
21,7/23/25 19:41,Yeti,TRUE,,1,0.9701006,1.75331E+12,ea5d034b02b45c37,AD,1.7.10-amb
20,7/23/25 19:42,Yeti,TRUE,,1,0.9380876,1.75331E+12,ea5d034b02b45c37,AD,1.7.10-amb
20,7/23/25 19:43,Yeti,TRUE,,1,0.98297274,1.75331E+12,ea5d034b02b45c37,AD,1.7.10-amb
20,7/23/25 19:44,Yeti,TRUE,,1,0.985021,1.75331E+12,ea5d034b02b45c37,AD,1.7.10-amb
20,7/23/25 19:45,Yeti,TRUE,,1,0.98989725,1.75331E+12,ea5d034b02b45c37,AD,1.7.10-amb
20,7/23/25 19:46,Yeti,TRUE,,1,0.93080175,1.75331E+12,ea5d034b02b45c37,AD,1.7.10-amb
20,7/23/25 19:47,Yeti,TRUE,,1,0.97673994,1.75331E+12,ea5d034b02b45c37,AD,1.7.10-amb
20,7/23/25 19:48,Yeti,TRUE,,1,0.99015725,1.75331E+12,ea5d034b02b45c37,AD,1.7.10-amb
20,7/23/25 19:49,Yeti,TRUE,,1,0.98504084,1.75331E+12,ea5d034b02b45c37,AD,1.7.10-amb
20,7/23/25 19:50,Yeti,TRUE,,1,0.96605074,1.75331E+12,ea5d034b02b45c37,AD,1.7.10-amb
20,7/23/25 19:51,Yeti,TRUE,,1,0.50491935,1.75331E+12,ea5d034b02b45c37,AD,1.7.10-amb
20,7/23/25 19:52,Yeti,TRUE,,1,0.99705136,1.75331E+12,ea5d034b02b45c37,AD,1.7.10-amb
20,7/23/25 19:53,Yeti,TRUE,,1,0.9302777,1.75331E+12,ea5d034b02b45c37,AD,1.7.10-amb
20,7/23/25 19:54,Yeti,TRUE,,1,0.9589144,1.75331E+12,ea5d034b02b45c37,AD,1.7.10-amb
19,7/23/25 19:55,Yeti,TRUE,,1,0.701661,1.75331E+12,ea5d034b02b45c37,AD,1.7.10-amb
19,7/23/25 19:56,Yeti,TRUE,,1,0.9742065,1.75331E+12,ea5d034b02b45c37,AD,1.7.10-amb
19,7/23/25 19:57,Yeti,TRUE,,1,0.9482997,1.75332E+12,ea5d034b02b45c37,AD,1.7.10-amb
19,7/23/25 19:58,Yeti,TRUE,,1,0.90762806,1.75332E+12,ea5d034b02b45c37,AD,1.7.10-amb
19,7/23/25 19:59,Yeti,TRUE,,0,0.4949209,1.75332E+12,ea5d034b02b45c37,AD,1.7.10-amb
19,7/23/25 20:00,Yeti,TRUE,,1,0.99677974,1.75332E+12,ea5d034b02b45c37,AD,1.7.10-amb
19,7/23/25 20:01,Yeti,TRUE,,0,0.034428146,1.75332E+12,ea5d034b02b45c37,AD,1.7.10-amb
19,7/23/25 20:02,Yeti,TRUE,,0,0.030892044,1.75332E+12,ea5d034b02b45c37,AD,1.7.10-amb
19,7/23/25 20:03,Yeti,TRUE,,1,0.97915375,1.75332E+12,ea5d034b02b45c37,AD,1.7.10-amb
19,7/23/25 20:04,Yeti,TRUE,,1,0.81585926,1.75332E+12,ea5d034b02b45c37,AD,1.7.10-amb
19,7/23/25 20:05,Yeti,TRUE,,1,0.5677404,1.75332E+12,ea5d034b02b45c37,AD,1.7.10-amb
19,7/23/25 20:06,Yeti,TRUE,,1,0.9789478,1.75332E+12,ea5d034b02b45c37,AD,1.7.10-amb
18,7/23/25 20:07,Yeti,TRUE,,1,0.9529543,1.75332E+12,ea5d034b02b45c37,AD,1.7.10-amb
18,7/23/25 20:08,Yeti,TRUE,,0,0.44301057,1.75332E+12,ea5d034b02b45c37,AD,1.7.10-amb
18,7/23/25 20:09,Yeti,TRUE,,0,0.19774747,1.75332E+12,ea5d034b02b45c37,AD,1.7.10-amb
18,7/23/25 20:10,Yeti,TRUE,,0,0.06753231,1.75332E+12,ea5d034b02b45c37,AD,1.7.10-amb
18,7/23/25 20:11,Yeti,TRUE,,0,0.12870622,1.75332E+12,ea5d034b02b45c37,AD,1.7.10-amb
18,7/23/25 20:12,Yeti,TRUE,,0,0.19258258,1.75332E+12,ea5d034b02b45c37,AD,1.7.10-amb
18,7/23/25 20:13,Yeti,TRUE,,1,0.52299416,1.75332E+12,ea5d034b02b45c37,AD,1.7.10-amb
18,7/23/25 20:14,Yeti,TRUE,,0,0.2526339,1.75332E+12,ea5d034b02b45c37,AD,1.7.10-amb
17,7/23/25 20:15,Yeti,TRUE,,1,0.86375207,1.75332E+12,ea5d034b02b45c37,AD,1.7.10-amb
17,7/23/25 20:16,Yeti,TRUE,,1,0.7658167,1.75332E+12,ea5d034b02b45c37,AD,1.7.10-amb
17,7/23/25 20:17,Yeti,TRUE,,0,0.130809,1.75332E+12,ea5d034b02b45c37,AD,1.7.10-amb
17,7/23/25 20:18,Yeti,TRUE,,0,0.13510491,1.75332E+12,ea5d034b02b45c37,AD,1.7.10-amb
17,7/23/25 20:19,Yeti,TRUE,,0,0.019014558,1.75332E+12,ea5d034b02b45c37,AD,1.7.10-amb
17,7/23/25 20:20,Yeti,TRUE,,0,0.120571546,1.75332E+12,ea5d034b02b45c37,AD,1.7.10-amb
17,7/23/25 20:21,Yeti,TRUE,,0,0.16544689,1.75332E+12,ea5d034b02b45c37,AD,1.7.10-amb
17,7/23/25 20:22,Yeti,TRUE,,1,0.95243937,1.75332E+12,ea5d034b02b45c37,AD,1.7.10-amb
17,7/23/25 20:23,Yeti,TRUE,,1,0.7810736,1.75332E+12,ea5d034b02b45c37,AD,1.7.10-amb
17,7/23/25 20:24,Yeti,TRUE,,1,0.9790204,1.75332E+12,ea5d034b02b45c37,AD,1.7.10-amb
16,7/23/25 20:25,Yeti,TRUE,,0,0.45585686,1.75332E+12,ea5d034b02b45c37,AD,1.7.10-amb
16,7/23/25 20:26,Yeti,TRUE,,0,0.42355224,1.75332E+12,ea5d034b02b45c37,AD,1.7.10-amb
16,7/23/25 20:27,Yeti,TRUE,,0,0.13098766,1.75332E+12,ea5d034b02b45c37,AD,1.7.10-amb
16,7/23/25 20:28,Yeti,TRUE,,1,0.9883283,1.75332E+12,ea5d034b02b45c37,AD,1.7.10-amb
16,7/23/25 20:29,Yeti,FALSE,,0,0.17332707,1.75332E+12,ea5d034b02b45c37,AD,1.7.10-amb
18,7/23/25 20:30,Yeti,FALSE,,1,0.96635044,1.75332E+12,ea5d034b02b45c37,AD,1.7.10-amb
21,7/23/25 20:31,Yeti,FALSE,,1,0.51842535,1.75332E+12,ea5d034b02b45c37,AD,1.7.10-amb
24,7/23/25 20:32,Yeti,FALSE,,0,0.3582311,1.75332E+12,ea5d034b02b45c37,AD,1.7.10-amb
27,7/23/25 20:33,Yeti,FALSE,,0,0.114356495,1.75332E+12,ea5d034b02b45c37,AD,1.7.10-amb
29,7/23/25 20:34,Yeti,FALSE,,0,0.030284287,1.75332E+12,ea5d034b02b45c37,AD,1.7.10-amb
31,7/23/25 20:35,Yeti,FALSE,,1,0.9559309,1.75332E+12,ea5d034b02b45c37,AD,1.7.10-amb
33,7/23/25 20:36,Yeti,FALSE,,1,0.8298156,1.75332E+12,ea5d034b02b45c37,AD,1.7.10-amb
35,7/23/25 20:37,Yeti,FALSE,,1,0.88605577,1.75332E+12,ea5d034b02b45c37,AD,1.7.10-amb
38,7/23/25 20:38,Yeti,FALSE,,1,0.6007041,1.75332E+12,ea5d034b02b45c37,AD,1.7.10-amb
40,7/23/25 20:39,Yeti,FALSE,,1,0.9157725,1.75332E+12,ea5d034b02b45c37,AD,1.7.10-amb
42,7/23/25 20:40,Yeti,FALSE,,1,0.90597636,1.75332E+12,ea5d034b02b45c37,AD,1.7.10-amb
44,7/23/25 20:41,Yeti,FALSE,,1,0.7857759,1.75332E+12,ea5d034b02b45c37,AD,1.7.10-amb
44,7/23/25 20:42,Yeti,FALSE,,1,0.9454697,1.75332E+12,ea5d034b02b45c37,AD,1.7.10-amb
46,7/23/25 20:43,Yeti,FALSE,,1,0.94278353,1.75332E+12,ea5d034b02b45c37,AD,1.7.10-amb
48,7/23/25 20:44,Yeti,FALSE,,1,0.93691075,1.75332E+12,ea5d034b02b45c37,AD,1.7.10-amb
50,7/23/25 20:45,Yeti,FALSE,,1,0.8879028,1.75332E+12,ea5d034b02b45c37,AD,1.7.10-amb
51,7/23/25 20:46,Yeti,FALSE,,1,0.9632895,1.75332E+12,ea5d034b02b45c37,AD,1.7.10-amb
53,7/23/25 20:47,Yeti,FALSE,,0,0.44524136,1.75332E+12,ea5d034b02b45c37,AD,1.7.10-amb
54,7/23/25 20:48,Yeti,FALSE,,1,0.7612208,1.75332E+12,ea5d034b02b45c37,AD,1.7.10-amb
56,7/23/25 20:49,Yeti,FALSE,,1,0.6942681,1.75332E+12,ea5d034b02b45c37,AD,1.7.10-amb
58,7/23/25 20:50,Yeti,FALSE,,1,0.7550206,1.75332E+12,ea5d034b02b45c37,AD,1.7.10-amb
59,7/23/25 20:51,Yeti,FALSE,,1,0.7187946,1.75332E+12,ea5d034b02b45c37,AD,1.7.10-amb
61,7/23/25 20:52,Yeti,FALSE,,1,0.9005077,1.75332E+12,ea5d034b02b45c37,AD,1.7.10-amb
62,7/23/25 20:53,Yeti,FALSE,,1,0.83622235,1.75332E+12,ea5d034b02b45c37,AD,1.7.10-amb
63,7/23/25 20:54,Yeti,FALSE,,1,0.68968606,1.75332E+12,ea5d034b02b45c37,AD,1.7.10-amb
63,7/23/25 20:55,Yeti,FALSE,,1,0.79143673,1.75332E+12,ea5d034b02b45c37,AD,1.7.10-amb
64,7/23/25 20:56,Yeti,FALSE,,1,0.78200674,1.75332E+12,ea5d034b02b45c37,AD,1.7.10-amb
65,7/23/25 20:57,Yeti,FALSE,,1,0.78101134,1.75332E+12,ea5d034b02b45c37,AD,1.7.10-amb
66,7/23/25 20:58,Yeti,FALSE,,1,0.7791033,1.75332E+12,ea5d034b02b45c37,AD,1.7.10-amb
67,7/23/25 20:59,Yeti,FALSE,,1,0.78261024,1.75332E+12,ea5d034b02b45c37,AD,1.7.10-amb
69,7/23/25 21:00,Yeti,FALSE,,1,0.7134477,1.75332E+12,ea5d034b02b45c37,AD,1.7.10-amb